run,operation,started,time,status,label,base_loss,batch_size,csv_train,decay_f,exp,lambd,load_checkpoint,lr,metric,model_name,n_epochs,optimizer,oversample,patience,pretrained,save_model,step,acc,auc,kappa
5d43fa1a,eyepacs:train,2020-03-17 21:47:37,0:03:06,completed,base_loss=focal_loss batch_size=8 csv_train=train_all_UW.csv decay_f=0.1 exp=2 lambd=10 load_checkpoint=models/resnet50_eyepacs lr=0.0001 metric=auc model_name=resnet50 n_epochs=50 optimizer=sgd oversample=1/1/1/3/8 patience=5 pretrained=yes save_model=no,focal_loss,8,train_all_UW.csv,0.1,2,10,models/resnet50_eyepacs,0.0001,auc,resnet50,50,sgd,1/1/1/3/8,5,True,False,0,0.5799999833106995,0.8777040243148804,0.765936017036438
e86295bb,eyepacs:train,2020-03-17 21:45:12,0:02:24,completed,base_loss=focal_loss batch_size=8 csv_train=train_all_UW.csv decay_f=0.1 exp=2 lambd=10 load_checkpoint=experiments/best_auc_both_20Mar lr=0.0001 metric=auc model_name=resnet50 n_epochs=50 optimizer=sgd oversample=1/1/1/3/8 patience=5 pretrained=yes save_model=no,focal_loss,8,train_all_UW.csv,0.1,2,10,experiments/best_auc_both_20Mar,0.0001,auc,resnet50,50,sgd,1/1/1/3/8,5,True,False,0,0.5400000214576721,0.8660010099411011,0.763716995716095
699d0890,eyepacs:train,2020-03-17 21:42:06,0:03:06,completed,base_loss=focal_loss batch_size=8 csv_train=train_all_UW.csv decay_f=0.1 exp=1 lambd=10 load_checkpoint=models/resnet50_eyepacs lr=0.0001 metric=auc model_name=resnet50 n_epochs=50 optimizer=sgd oversample=1/1/1/3/8 patience=5 pretrained=yes save_model=no,focal_loss,8,train_all_UW.csv,0.1,1,10,models/resnet50_eyepacs,0.0001,auc,resnet50,50,sgd,1/1/1/3/8,5,True,False,0,0.6000000238418579,0.8867470026016235,0.7722390294075012
91358c1b,eyepacs:train,2020-03-17 21:39:32,0:02:33,completed,base_loss=focal_loss batch_size=8 csv_train=train_all_UW.csv decay_f=0.1 exp=1 lambd=10 load_checkpoint=experiments/best_auc_both_20Mar lr=0.0001 metric=auc model_name=resnet50 n_epochs=50 optimizer=sgd oversample=1/1/1/3/8 patience=5 pretrained=yes save_model=no,focal_loss,8,train_all_UW.csv,0.1,1,10,experiments/best_auc_both_20Mar,0.0001,auc,resnet50,50,sgd,1/1/1/3/8,5,True,False,0,0.5400000214576721,0.8708599805831909,0.77947998046875
99396d57,eyepacs:train,2020-03-17 21:36:25,0:03:07,completed,base_loss=gls batch_size=8 csv_train=train_all_UW.csv decay_f=0.1 exp=2 lambd=10 load_checkpoint=models/resnet50_eyepacs lr=0.0001 metric=auc model_name=resnet50 n_epochs=50 optimizer=sgd oversample=1/1/1/3/8 patience=5 pretrained=yes save_model=no,gls,8,train_all_UW.csv,0.1,2,10,models/resnet50_eyepacs,0.0001,auc,resnet50,50,sgd,1/1/1/3/8,5,True,False,0,0.6399999856948853,0.891493022441864,0.8228740096092224
cd2cb19a,eyepacs:train,2020-03-17 21:33:51,0:02:33,completed,base_loss=gls batch_size=8 csv_train=train_all_UW.csv decay_f=0.1 exp=2 lambd=10 load_checkpoint=experiments/best_auc_both_20Mar lr=0.0001 metric=auc model_name=resnet50 n_epochs=50 optimizer=sgd oversample=1/1/1/3/8 patience=5 pretrained=yes save_model=no,gls,8,train_all_UW.csv,0.1,2,10,experiments/best_auc_both_20Mar,0.0001,auc,resnet50,50,sgd,1/1/1/3/8,5,True,False,0,0.5600000023841858,0.8728060126304626,0.7377319931983948
afeb9987,eyepacs:train,2020-03-17 21:31:17,0:02:33,completed,base_loss=gls batch_size=8 csv_train=train_all_UW.csv decay_f=0.1 exp=1 lambd=10 load_checkpoint=models/resnet50_eyepacs lr=0.0001 metric=auc model_name=resnet50 n_epochs=50 optimizer=sgd oversample=1/1/1/3/8 patience=5 pretrained=yes save_model=no,gls,8,train_all_UW.csv,0.1,1,10,models/resnet50_eyepacs,0.0001,auc,resnet50,50,sgd,1/1/1/3/8,5,True,False,0,0.6200000047683716,0.8910160064697266,0.7887459993362427
4be658f7,eyepacs:train,2020-03-17 21:28:44,0:02:33,completed,base_loss=gls batch_size=8 csv_train=train_all_UW.csv decay_f=0.1 exp=1 lambd=10 load_checkpoint=experiments/best_auc_both_20Mar lr=0.0001 metric=auc model_name=resnet50 n_epochs=50 optimizer=sgd oversample=1/1/1/3/8 patience=5 pretrained=yes save_model=no,gls,8,train_all_UW.csv,0.1,1,10,experiments/best_auc_both_20Mar,0.0001,auc,resnet50,50,sgd,1/1/1/3/8,5,True,False,0,0.5400000214576721,0.876039981842041,0.7702929973602295
f168463d,eyepacs:train,2020-03-17 21:25:37,0:03:06,completed,base_loss=ce batch_size=8 csv_train=train_all_UW.csv decay_f=0.1 exp=2 lambd=10 load_checkpoint=models/resnet50_eyepacs lr=0.0001 metric=auc model_name=resnet50 n_epochs=50 optimizer=sgd oversample=1/1/1/3/8 patience=5 pretrained=yes save_model=no,ce,8,train_all_UW.csv,0.1,2,10,models/resnet50_eyepacs,0.0001,auc,resnet50,50,sgd,1/1/1/3/8,5,True,False,0,0.6000000238418579,0.883421003818512,0.7880809903144836
d46e72cb,eyepacs:train,2020-03-17 21:23:04,0:02:33,completed,base_loss=ce batch_size=8 csv_train=train_all_UW.csv decay_f=0.1 exp=2 lambd=10 load_checkpoint=experiments/best_auc_both_20Mar lr=0.0001 metric=auc model_name=resnet50 n_epochs=50 optimizer=sgd oversample=1/1/1/3/8 patience=5 pretrained=yes save_model=no,ce,8,train_all_UW.csv,0.1,2,10,experiments/best_auc_both_20Mar,0.0001,auc,resnet50,50,sgd,1/1/1/3/8,5,True,False,0,0.5600000023841858,0.8689630031585693,0.74931401014328
08f825e0,eyepacs:train,2020-03-17 21:20:40,0:02:24,completed,base_loss=ce batch_size=8 csv_train=train_all_UW.csv decay_f=0.1 exp=1 lambd=10 load_checkpoint=models/resnet50_eyepacs lr=0.0001 metric=auc model_name=resnet50 n_epochs=50 optimizer=sgd oversample=1/1/1/3/8 patience=5 pretrained=yes save_model=no,ce,8,train_all_UW.csv,0.1,1,10,models/resnet50_eyepacs,0.0001,auc,resnet50,50,sgd,1/1/1/3/8,5,True,False,0,0.6000000238418579,0.8847500085830688,0.76385098695755
24bb9bb8,eyepacs:train,2020-03-17 21:18:08,0:02:31,completed,base_loss=ce batch_size=8 csv_train=train_all_UW.csv decay_f=0.1 exp=1 lambd=10 load_checkpoint=experiments/best_auc_both_20Mar lr=0.0001 metric=auc model_name=resnet50 n_epochs=50 optimizer=sgd oversample=1/1/1/3/8 patience=5 pretrained=yes save_model=no,ce,8,train_all_UW.csv,0.1,1,10,experiments/best_auc_both_20Mar,0.0001,auc,resnet50,50,sgd,1/1/1/3/8,5,True,False,0,0.6200000047683716,0.8729320168495178,0.8163830041885376
f65194b4,eyepacs:dr_grade_ALL_UW_AUC,2020-03-17 21:18:07,0:32:37,completed,,,,,,,,,,,,,,,,,,0,0.5799999833106995,0.8777040243148804,0.765936017036438
1389d736,eyepacs:train,2020-03-17 20:45:44,0:01:23,completed,base_loss=focal_loss batch_size=8 csv_train=train_od_UW.csv decay_f=0.1 exp=2 lambd=10 load_checkpoint=models/resnet50_eyepacs lr=0.0001 metric=kappa model_name=resnet50 n_epochs=50 optimizer=sgd oversample=1/2/2/4/9 patience=5 pretrained=yes save_model=no,focal_loss,8,train_od_UW.csv,0.1,2,10,models/resnet50_eyepacs,0.0001,kappa,resnet50,50,sgd,1/2/2/4/9,5,True,False,0,0.5714290142059326,0.8597990274429321,0.6859520077705383
9b4b1351,eyepacs:train,2020-03-17 20:43:49,0:01:55,completed,base_loss=focal_loss batch_size=8 csv_train=train_od_UW.csv decay_f=0.1 exp=2 lambd=10 load_checkpoint=experiments/best_auc_od_20Mar lr=0.0001 metric=kappa model_name=resnet50 n_epochs=50 optimizer=sgd oversample=1/2/2/4/9 patience=5 pretrained=yes save_model=no,focal_loss,8,train_od_UW.csv,0.1,2,10,experiments/best_auc_od_20Mar,0.0001,kappa,resnet50,50,sgd,1/2/2/4/9,5,True,False,0,0.33333298563957214,0.8078359961509705,0.6361879706382751
e0b20699,eyepacs:train,2020-03-17 20:42:29,0:01:19,completed,base_loss=focal_loss batch_size=8 csv_train=train_od_UW.csv decay_f=0.1 exp=1 lambd=10 load_checkpoint=models/resnet50_eyepacs lr=0.0001 metric=kappa model_name=resnet50 n_epochs=50 optimizer=sgd oversample=1/2/2/4/9 patience=5 pretrained=yes save_model=no,focal_loss,8,train_od_UW.csv,0.1,1,10,models/resnet50_eyepacs,0.0001,kappa,resnet50,50,sgd,1/2/2/4/9,5,True,False,0,0.619047999382019,0.8739960193634033,0.7214840054512024
5d0e9349,eyepacs:train,2020-03-17 20:40:25,0:02:03,completed,base_loss=focal_loss batch_size=8 csv_train=train_od_UW.csv decay_f=0.1 exp=1 lambd=10 load_checkpoint=experiments/best_auc_od_20Mar lr=0.0001 metric=kappa model_name=resnet50 n_epochs=50 optimizer=sgd oversample=1/2/2/4/9 patience=5 pretrained=yes save_model=no,focal_loss,8,train_od_UW.csv,0.1,1,10,experiments/best_auc_od_20Mar,0.0001,kappa,resnet50,50,sgd,1/2/2/4/9,5,True,False,0,0.4761900007724762,0.8381869792938232,0.704675018787384
42aad8ae,eyepacs:train,2020-03-17 20:38:47,0:01:37,completed,base_loss=gls batch_size=8 csv_train=train_od_UW.csv decay_f=0.1 exp=2 lambd=10 load_checkpoint=models/resnet50_eyepacs lr=0.0001 metric=kappa model_name=resnet50 n_epochs=50 optimizer=sgd oversample=1/2/2/4/9 patience=5 pretrained=yes save_model=no,gls,8,train_od_UW.csv,0.1,2,10,models/resnet50_eyepacs,0.0001,kappa,resnet50,50,sgd,1/2/2/4/9,5,True,False,0,0.5714290142059326,0.8591560125350952,0.7299730181694031
45f03bc9,eyepacs:train,2020-03-17 20:35:08,0:03:39,completed,base_loss=gls batch_size=8 csv_train=train_od_UW.csv decay_f=0.1 exp=2 lambd=10 load_checkpoint=experiments/best_auc_od_20Mar lr=0.0001 metric=kappa model_name=resnet50 n_epochs=50 optimizer=sgd oversample=1/2/2/4/9 patience=5 pretrained=yes save_model=no,gls,8,train_od_UW.csv,0.1,2,10,experiments/best_auc_od_20Mar,0.0001,kappa,resnet50,50,sgd,1/2/2/4/9,5,True,False,0,0.5714290142059326,0.8800190091133118,0.8307390213012695
d4097795,eyepacs:train,2020-03-17 20:33:34,0:01:33,completed,base_loss=gls batch_size=8 csv_train=train_od_UW.csv decay_f=0.1 exp=1 lambd=10 load_checkpoint=models/resnet50_eyepacs lr=0.0001 metric=kappa model_name=resnet50 n_epochs=50 optimizer=sgd oversample=1/2/2/4/9 patience=5 pretrained=yes save_model=no,gls,8,train_od_UW.csv,0.1,1,10,models/resnet50_eyepacs,0.0001,kappa,resnet50,50,sgd,1/2/2/4/9,5,True,False,0,0.5238100290298462,0.8663579821586609,0.7320910096168518
cc19b70c,eyepacs:train,2020-03-17 20:30:54,0:02:40,completed,base_loss=gls batch_size=8 csv_train=train_od_UW.csv decay_f=0.1 exp=1 lambd=10 load_checkpoint=experiments/best_auc_od_20Mar lr=0.0001 metric=kappa model_name=resnet50 n_epochs=50 optimizer=sgd oversample=1/2/2/4/9 patience=5 pretrained=yes save_model=no,gls,8,train_od_UW.csv,0.1,1,10,experiments/best_auc_od_20Mar,0.0001,kappa,resnet50,50,sgd,1/2/2/4/9,5,True,False,0,0.619047999382019,0.8753160238265991,0.8344069719314575
4da18682,eyepacs:train,2020-03-17 20:29:16,0:01:37,completed,base_loss=ce batch_size=8 csv_train=train_od_UW.csv decay_f=0.1 exp=2 lambd=10 load_checkpoint=models/resnet50_eyepacs lr=0.0001 metric=kappa model_name=resnet50 n_epochs=50 optimizer=sgd oversample=1/2/2/4/9 patience=5 pretrained=yes save_model=no,ce,8,train_od_UW.csv,0.1,2,10,models/resnet50_eyepacs,0.0001,kappa,resnet50,50,sgd,1/2/2/4/9,5,True,False,0,0.5714290142059326,0.8894370198249817,0.7184569835662842
a85c9bda,eyepacs:train,2020-03-17 20:26:41,0:02:34,completed,base_loss=ce batch_size=8 csv_train=train_od_UW.csv decay_f=0.1 exp=2 lambd=10 load_checkpoint=experiments/best_auc_od_20Mar lr=0.0001 metric=kappa model_name=resnet50 n_epochs=50 optimizer=sgd oversample=1/2/2/4/9 patience=5 pretrained=yes save_model=no,ce,8,train_od_UW.csv,0.1,2,10,experiments/best_auc_od_20Mar,0.0001,kappa,resnet50,50,sgd,1/2/2/4/9,5,True,False,0,0.5238100290298462,0.8629900217056274,0.7797840237617493
a398e2ce,eyepacs:train,2020-03-17 20:25:36,0:01:04,completed,base_loss=ce batch_size=8 csv_train=train_od_UW.csv decay_f=0.1 exp=1 lambd=10 load_checkpoint=models/resnet50_eyepacs lr=0.0001 metric=kappa model_name=resnet50 n_epochs=50 optimizer=sgd oversample=1/2/2/4/9 patience=5 pretrained=yes save_model=no,ce,8,train_od_UW.csv,0.1,1,10,models/resnet50_eyepacs,0.0001,kappa,resnet50,50,sgd,1/2/2/4/9,5,True,False,0,0.619047999382019,0.8704820275306702,0.7356910109519958
389bee7e,eyepacs:train,2020-03-17 20:23:48,0:01:48,completed,base_loss=ce batch_size=8 csv_train=train_od_UW.csv decay_f=0.1 exp=1 lambd=10 load_checkpoint=experiments/best_auc_od_20Mar lr=0.0001 metric=kappa model_name=resnet50 n_epochs=50 optimizer=sgd oversample=1/2/2/4/9 patience=5 pretrained=yes save_model=no,ce,8,train_od_UW.csv,0.1,1,10,experiments/best_auc_od_20Mar,0.0001,kappa,resnet50,50,sgd,1/2/2/4/9,5,True,False,0,0.5714290142059326,0.8639129996299744,0.7902699708938599
e90a134e,eyepacs:dr_grade_OD_UW_KAPPA,2020-03-17 20:23:47,0:23:21,completed,,,,,,,,,,,,,,,,,,0,0.5714290142059326,0.8597990274429321,0.6859520077705383
d4bae3d9,eyepacs:train,2020-03-17 20:09:21,0:01:37,completed,base_loss=focal_loss batch_size=8 csv_train=train_od_UW.csv decay_f=0.1 exp=2 lambd=10 load_checkpoint=models/resnet50_eyepacs lr=0.0001 metric=auc model_name=resnet50 n_epochs=50 optimizer=sgd oversample=1/2/2/4/9 patience=5 pretrained=yes save_model=no,focal_loss,8,train_od_UW.csv,0.1,2,10,models/resnet50_eyepacs,0.0001,auc,resnet50,50,sgd,1/2/2/4/9,5,True,False,0,0.5714290142059326,0.8863329887390137,0.6697999835014343
9a2290cd,eyepacs:train,2020-03-17 20:06:55,0:02:26,completed,base_loss=focal_loss batch_size=8 csv_train=train_od_UW.csv decay_f=0.1 exp=2 lambd=10 load_checkpoint=experiments/best_kappa_od_20Mar lr=0.0001 metric=auc model_name=resnet50 n_epochs=50 optimizer=sgd oversample=1/2/2/4/9 patience=5 pretrained=yes save_model=no,focal_loss,8,train_od_UW.csv,0.1,2,10,experiments/best_kappa_od_20Mar,0.0001,auc,resnet50,50,sgd,1/2/2/4/9,5,True,False,0,0.4285709857940674,0.8437929749488831,0.7421669960021973
b6f80c7b,eyepacs:train,2020-03-17 20:04:19,0:02:35,completed,base_loss=focal_loss batch_size=8 csv_train=train_od_UW.csv decay_f=0.1 exp=1 lambd=10 load_checkpoint=models/resnet50_eyepacs lr=0.0001 metric=auc model_name=resnet50 n_epochs=50 optimizer=sgd oversample=1/2/2/4/9 patience=5 pretrained=yes save_model=no,focal_loss,8,train_od_UW.csv,0.1,1,10,models/resnet50_eyepacs,0.0001,auc,resnet50,50,sgd,1/2/2/4/9,5,True,False,0,0.6666669845581055,0.9196079969406128,0.8201379776000977
609878fa,eyepacs:train,2020-03-17 20:01:34,0:02:45,completed,base_loss=focal_loss batch_size=8 csv_train=train_od_UW.csv decay_f=0.1 exp=1 lambd=10 load_checkpoint=experiments/best_kappa_od_20Mar lr=0.0001 metric=auc model_name=resnet50 n_epochs=50 optimizer=sgd oversample=1/2/2/4/9 patience=5 pretrained=yes save_model=no,focal_loss,8,train_od_UW.csv,0.1,1,10,experiments/best_kappa_od_20Mar,0.0001,auc,resnet50,50,sgd,1/2/2/4/9,5,True,False,0,0.5238100290298462,0.8653500080108643,0.7593309879302979
c5a54fd5,eyepacs:train,2020-03-17 19:59:02,0:02:31,completed,base_loss=gls batch_size=8 csv_train=train_od_UW.csv decay_f=0.1 exp=2 lambd=10 load_checkpoint=models/resnet50_eyepacs lr=0.0001 metric=auc model_name=resnet50 n_epochs=50 optimizer=sgd oversample=1/2/2/4/9 patience=5 pretrained=yes save_model=no,gls,8,train_od_UW.csv,0.1,2,10,models/resnet50_eyepacs,0.0001,auc,resnet50,50,sgd,1/2/2/4/9,5,True,False,0,0.5238100290298462,0.9141240119934082,0.7042030096054077
74ff9d86,eyepacs:train,2020-03-17 19:56:17,0:02:44,completed,base_loss=gls batch_size=8 csv_train=train_od_UW.csv decay_f=0.1 exp=2 lambd=10 load_checkpoint=experiments/best_kappa_od_20Mar lr=0.0001 metric=auc model_name=resnet50 n_epochs=50 optimizer=sgd oversample=1/2/2/4/9 patience=5 pretrained=yes save_model=no,gls,8,train_od_UW.csv,0.1,2,10,experiments/best_kappa_od_20Mar,0.0001,auc,resnet50,50,sgd,1/2/2/4/9,5,True,False,0,0.5714290142059326,0.8747190237045288,0.795894980430603
fe70db95,eyepacs:train,2020-03-17 19:55:06,0:01:10,completed,base_loss=gls batch_size=8 csv_train=train_od_UW.csv decay_f=0.1 exp=1 lambd=10 load_checkpoint=models/resnet50_eyepacs lr=0.0001 metric=auc model_name=resnet50 n_epochs=50 optimizer=sgd oversample=1/2/2/4/9 patience=5 pretrained=yes save_model=no,gls,8,train_od_UW.csv,0.1,1,10,models/resnet50_eyepacs,0.0001,auc,resnet50,50,sgd,1/2/2/4/9,5,True,False,0,0.4761900007724762,0.8688629865646362,0.6949229836463928
503e6832,eyepacs:train,2020-03-17 19:52:21,0:02:45,completed,base_loss=gls batch_size=8 csv_train=train_od_UW.csv decay_f=0.1 exp=1 lambd=10 load_checkpoint=experiments/best_kappa_od_20Mar lr=0.0001 metric=auc model_name=resnet50 n_epochs=50 optimizer=sgd oversample=1/2/2/4/9 patience=5 pretrained=yes save_model=no,gls,8,train_od_UW.csv,0.1,1,10,experiments/best_kappa_od_20Mar,0.0001,auc,resnet50,50,sgd,1/2/2/4/9,5,True,False,0,0.619047999382019,0.8947889804840088,0.8141239881515503
7e28cec0,eyepacs:train,2020-03-17 19:49:50,0:02:31,completed,base_loss=ce batch_size=8 csv_train=train_od_UW.csv decay_f=0.1 exp=2 lambd=10 load_checkpoint=models/resnet50_eyepacs lr=0.0001 metric=auc model_name=resnet50 n_epochs=50 optimizer=sgd oversample=1/2/2/4/9 patience=5 pretrained=yes save_model=no,ce,8,train_od_UW.csv,0.1,2,10,models/resnet50_eyepacs,0.0001,auc,resnet50,50,sgd,1/2/2/4/9,5,True,False,0,0.5714290142059326,0.9022970199584961,0.7109349966049194
a6ccc798,eyepacs:train,2020-03-17 19:47:45,0:02:04,completed,base_loss=ce batch_size=8 csv_train=train_od_UW.csv decay_f=0.1 exp=2 lambd=10 load_checkpoint=experiments/best_kappa_od_20Mar lr=0.0001 metric=auc model_name=resnet50 n_epochs=50 optimizer=sgd oversample=1/2/2/4/9 patience=5 pretrained=yes save_model=no,ce,8,train_od_UW.csv,0.1,2,10,experiments/best_kappa_od_20Mar,0.0001,auc,resnet50,50,sgd,1/2/2/4/9,5,True,False,0,0.5238100290298462,0.8593239784240723,0.7143890261650085
dc466671,eyepacs:train,2020-03-17 19:46:07,0:01:37,completed,base_loss=ce batch_size=8 csv_train=train_od_UW.csv decay_f=0.1 exp=1 lambd=10 load_checkpoint=models/resnet50_eyepacs lr=0.0001 metric=auc model_name=resnet50 n_epochs=50 optimizer=sgd oversample=1/2/2/4/9 patience=5 pretrained=yes save_model=no,ce,8,train_od_UW.csv,0.1,1,10,models/resnet50_eyepacs,0.0001,auc,resnet50,50,sgd,1/2/2/4/9,5,True,False,0,0.5714290142059326,0.9084200263023376,0.7203419804573059
e3616017,eyepacs:train,2020-03-17 19:44:31,0:01:36,completed,base_loss=ce batch_size=8 csv_train=train_od_UW.csv decay_f=0.1 exp=1 lambd=10 load_checkpoint=experiments/best_kappa_od_20Mar lr=0.0001 metric=auc model_name=resnet50 n_epochs=50 optimizer=sgd oversample=1/2/2/4/9 patience=5 pretrained=yes save_model=no,ce,8,train_od_UW.csv,0.1,1,10,experiments/best_kappa_od_20Mar,0.0001,auc,resnet50,50,sgd,1/2/2/4/9,5,True,False,0,0.4285709857940674,0.8707349896430969,0.7332980036735535
c1660a0d,eyepacs:dr_grade_OD_UW_AUC,2020-03-17 19:44:30,0:26:29,completed,,,,,,,,,,,,,,,,,,0,0.5714290142059326,0.8863329887390137,0.6697999835014343
bd7edd56,eyepacs:train,2020-03-17 19:41:14,0:02:18,completed,base_loss=focal_loss batch_size=8 csv_train=train_mac_UW.csv decay_f=0.1 exp=2 lambd=10 load_checkpoint=models/resnet50_eyepacs lr=0.0001 metric=kappa model_name=resnet50 n_epochs=50 optimizer=sgd oversample=1/2/2/4/9 patience=5 pretrained=yes save_model=no,focal_loss,8,train_mac_UW.csv,0.1,2,10,models/resnet50_eyepacs,0.0001,kappa,resnet50,50,sgd,1/2/2/4/9,5,True,False,0,0.6896550059318542,0.9140599966049194,0.787913978099823
03993710,eyepacs:train,2020-03-17 19:38:39,0:02:34,completed,base_loss=focal_loss batch_size=8 csv_train=train_mac_UW.csv decay_f=0.1 exp=2 lambd=10 load_checkpoint=experiments/best_kappa_mac_20Mar lr=0.0001 metric=kappa model_name=resnet50 n_epochs=50 optimizer=sgd oversample=1/2/2/4/9 patience=5 pretrained=yes save_model=no,focal_loss,8,train_mac_UW.csv,0.1,2,10,experiments/best_kappa_mac_20Mar,0.0001,kappa,resnet50,50,sgd,1/2/2/4/9,5,True,False,0,0.6896550059318542,0.9231820106506348,0.8654270172119141
e6e58979,eyepacs:train,2020-03-17 19:37:32,0:01:07,completed,base_loss=focal_loss batch_size=8 csv_train=train_mac_UW.csv decay_f=0.1 exp=1 lambd=10 load_checkpoint=models/resnet50_eyepacs lr=0.0001 metric=kappa model_name=resnet50 n_epochs=50 optimizer=sgd oversample=1/2/2/4/9 patience=5 pretrained=yes save_model=no,focal_loss,8,train_mac_UW.csv,0.1,1,10,models/resnet50_eyepacs,0.0001,kappa,resnet50,50,sgd,1/2/2/4/9,5,True,False,0,0.5172410011291504,0.7180740237236023,0.5675659775733948
eb6fc340,eyepacs:train,2020-03-17 19:35:36,0:01:55,completed,base_loss=focal_loss batch_size=8 csv_train=train_mac_UW.csv decay_f=0.1 exp=1 lambd=10 load_checkpoint=experiments/best_kappa_mac_20Mar lr=0.0001 metric=kappa model_name=resnet50 n_epochs=50 optimizer=sgd oversample=1/2/2/4/9 patience=5 pretrained=yes save_model=no,focal_loss,8,train_mac_UW.csv,0.1,1,10,experiments/best_kappa_mac_20Mar,0.0001,kappa,resnet50,50,sgd,1/2/2/4/9,5,True,False,0,0.6896550059318542,0.9237579703330994,0.8293449878692627
2561ef58,eyepacs:train,2020-03-17 19:33:09,0:02:27,completed,base_loss=ce batch_size=8 csv_train=train_mac_UW.csv decay_f=0.1 exp=2 lambd=10 load_checkpoint=models/resnet50_eyepacs lr=0.0001 metric=kappa model_name=resnet50 n_epochs=50 optimizer=sgd oversample=1/2/2/4/9 patience=5 pretrained=yes save_model=no,ce,8,train_mac_UW.csv,0.1,2,10,models/resnet50_eyepacs,0.0001,kappa,resnet50,50,sgd,1/2/2/4/9,5,True,False,0,0.6551719903945923,0.9121760129928589,0.7338700294494629
8becf592,eyepacs:train,2020-03-17 19:31:14,0:01:54,completed,base_loss=ce batch_size=8 csv_train=train_mac_UW.csv decay_f=0.1 exp=2 lambd=10 load_checkpoint=experiments/best_kappa_mac_20Mar lr=0.0001 metric=kappa model_name=resnet50 n_epochs=50 optimizer=sgd oversample=1/2/2/4/9 patience=5 pretrained=yes save_model=no,ce,8,train_mac_UW.csv,0.1,2,10,experiments/best_kappa_mac_20Mar,0.0001,kappa,resnet50,50,sgd,1/2/2/4/9,5,True,False,0,0.7586209774017334,0.9213089942932129,0.8745830059051514
baf671be,eyepacs:train,2020-03-17 19:28:24,0:02:50,completed,base_loss=ce batch_size=8 csv_train=train_mac_UW.csv decay_f=0.1 exp=1 lambd=10 load_checkpoint=models/resnet50_eyepacs lr=0.0001 metric=kappa model_name=resnet50 n_epochs=50 optimizer=sgd oversample=1/2/2/4/9 patience=5 pretrained=yes save_model=no,ce,8,train_mac_UW.csv,0.1,1,10,models/resnet50_eyepacs,0.0001,kappa,resnet50,50,sgd,1/2/2/4/9,5,True,False,0,0.6206899881362915,0.9104260206222534,0.8226209878921509
a95e656a,eyepacs:train,2020-03-17 19:26:29,0:01:54,completed,base_loss=ce batch_size=8 csv_train=train_mac_UW.csv decay_f=0.1 exp=1 lambd=10 load_checkpoint=experiments/best_kappa_mac_20Mar lr=0.0001 metric=kappa model_name=resnet50 n_epochs=50 optimizer=sgd oversample=1/2/2/4/9 patience=5 pretrained=yes save_model=no,ce,8,train_mac_UW.csv,0.1,1,10,experiments/best_kappa_mac_20Mar,0.0001,kappa,resnet50,50,sgd,1/2/2/4/9,5,True,False,0,0.6896550059318542,0.9183459877967834,0.8499550223350525
d18c2608,eyepacs:train,2020-03-17 19:24:25,0:02:03,completed,base_loss=gls batch_size=8 csv_train=train_mac_UW.csv decay_f=0.1 exp=2 lambd=10 load_checkpoint=models/resnet50_eyepacs lr=0.0001 metric=kappa model_name=resnet50 n_epochs=50 optimizer=sgd oversample=1/2/2/4/9 patience=5 pretrained=yes save_model=no,gls,8,train_mac_UW.csv,0.1,2,10,models/resnet50_eyepacs,0.0001,kappa,resnet50,50,sgd,1/2/2/4/9,5,True,False,0,0.5862069725990295,0.9214929938316345,0.7970280051231384
f33175e8,eyepacs:train,2020-03-17 19:22:22,0:02:03,completed,base_loss=gls batch_size=8 csv_train=train_mac_UW.csv decay_f=0.1 exp=2 lambd=10 load_checkpoint=experiments/best_kappa_mac_20Mar lr=0.0001 metric=kappa model_name=resnet50 n_epochs=50 optimizer=sgd oversample=1/2/2/4/9 patience=5 pretrained=yes save_model=no,gls,8,train_mac_UW.csv,0.1,2,10,experiments/best_kappa_mac_20Mar,0.0001,kappa,resnet50,50,sgd,1/2/2/4/9,5,True,False,0,0.7931029796600342,0.9331449866294861,0.9080920219421387
eb0925cc,eyepacs:train,2020-03-17 19:18:27,0:03:54,completed,base_loss=gls batch_size=8 csv_train=train_mac_UW.csv decay_f=0.1 exp=1 lambd=10 load_checkpoint=models/resnet50_eyepacs lr=0.0001 metric=kappa model_name=resnet50 n_epochs=50 optimizer=sgd oversample=1/2/2/4/9 patience=5 pretrained=yes save_model=no,gls,8,train_mac_UW.csv,0.1,1,10,models/resnet50_eyepacs,0.0001,kappa,resnet50,50,sgd,1/2/2/4/9,5,True,False,0,0.6551719903945923,0.9124339818954468,0.8463979959487915
ee2ce7c9,eyepacs:train,2020-03-17 19:16:34,0:01:52,completed,base_loss=gls batch_size=8 csv_train=train_mac_UW.csv decay_f=0.1 exp=1 lambd=10 load_checkpoint=experiments/best_kappa_mac_20Mar lr=0.0001 metric=kappa model_name=resnet50 n_epochs=50 optimizer=sgd oversample=1/2/2/4/9 patience=5 pretrained=yes save_model=no,gls,8,train_mac_UW.csv,0.1,1,10,experiments/best_kappa_mac_20Mar,0.0001,kappa,resnet50,50,sgd,1/2/2/4/9,5,True,False,0,0.7241380214691162,0.9314410090446472,0.8664990067481995
ea1477b9,eyepacs:dr_grade_MAC_UW_KAPPA,2020-03-17 19:16:33,0:26:59,completed,,,,,,,,,,,,,,,,,,0,0.6896550059318542,0.9140599966049194,0.787913978099823
7e893564,eyepacs:train,2020-03-17 19:08:08,0:02:50,completed,base_loss=focal_loss batch_size=8 csv_train=train_mac_UW.csv decay_f=0.1 exp=2 lambd=10 load_checkpoint=models/resnet50_eyepacs lr=0.0001 metric=auc model_name=resnet50 n_epochs=50 optimizer=sgd oversample=1/2/2/4/9 patience=5 pretrained=yes save_model=no,focal_loss,8,train_mac_UW.csv,0.1,2,10,models/resnet50_eyepacs,0.0001,auc,resnet50,50,sgd,1/2/2/4/9,5,True,False,0,0.6551719903945923,0.9198200106620789,0.7756959795951843
1e05e6c5,eyepacs:train,2020-03-17 19:05:49,0:02:18,completed,base_loss=focal_loss batch_size=8 csv_train=train_mac_UW.csv decay_f=0.1 exp=2 lambd=10 load_checkpoint=experiments/best_auc_mac_20Mar lr=0.0001 metric=auc model_name=resnet50 n_epochs=50 optimizer=sgd oversample=1/2/2/4/9 patience=5 pretrained=yes save_model=no,focal_loss,8,train_mac_UW.csv,0.1,2,10,experiments/best_auc_mac_20Mar,0.0001,auc,resnet50,50,sgd,1/2/2/4/9,5,True,False,0,0.6206899881362915,0.9180709719657898,0.8189190030097961
ffebaf2d,eyepacs:train,2020-03-17 19:03:46,0:02:02,completed,base_loss=focal_loss batch_size=8 csv_train=train_mac_UW.csv decay_f=0.1 exp=1 lambd=10 load_checkpoint=models/resnet50_eyepacs lr=0.0001 metric=auc model_name=resnet50 n_epochs=50 optimizer=sgd oversample=1/2/2/4/9 patience=5 pretrained=yes save_model=no,focal_loss,8,train_mac_UW.csv,0.1,1,10,models/resnet50_eyepacs,0.0001,auc,resnet50,50,sgd,1/2/2/4/9,5,True,False,0,0.6551719903945923,0.9217960238456726,0.6824650168418884
cf5e8ad5,eyepacs:train,2020-03-17 19:01:26,0:02:19,completed,base_loss=focal_loss batch_size=8 csv_train=train_mac_UW.csv decay_f=0.1 exp=1 lambd=10 load_checkpoint=experiments/best_auc_mac_20Mar lr=0.0001 metric=auc model_name=resnet50 n_epochs=50 optimizer=sgd oversample=1/2/2/4/9 patience=5 pretrained=yes save_model=no,focal_loss,8,train_mac_UW.csv,0.1,1,10,experiments/best_auc_mac_20Mar,0.0001,auc,resnet50,50,sgd,1/2/2/4/9,5,True,False,0,0.5862069725990295,0.9148560166358948,0.8023660182952881
3cef6b60,eyepacs:train,2020-03-17 18:59:24,0:02:02,completed,base_loss=ce batch_size=8 csv_train=train_mac_UW.csv decay_f=0.1 exp=2 lambd=10 load_checkpoint=models/resnet50_eyepacs lr=0.0001 metric=auc model_name=resnet50 n_epochs=50 optimizer=sgd oversample=1/2/2/4/9 patience=5 pretrained=yes save_model=no,ce,8,train_mac_UW.csv,0.1,2,10,models/resnet50_eyepacs,0.0001,auc,resnet50,50,sgd,1/2/2/4/9,5,True,False,0,0.5862069725990295,0.9223729968070984,0.8019490242004395
14eac336,eyepacs:train,2020-03-17 18:57:05,0:02:19,completed,base_loss=ce batch_size=8 csv_train=train_mac_UW.csv decay_f=0.1 exp=2 lambd=10 load_checkpoint=experiments/best_auc_mac_20Mar lr=0.0001 metric=auc model_name=resnet50 n_epochs=50 optimizer=sgd oversample=1/2/2/4/9 patience=5 pretrained=yes save_model=no,ce,8,train_mac_UW.csv,0.1,2,10,experiments/best_auc_mac_20Mar,0.0001,auc,resnet50,50,sgd,1/2/2/4/9,5,True,False,0,0.6551719903945923,0.9164310097694397,0.840133011341095
34c768c6,eyepacs:train,2020-03-17 18:55:02,0:02:02,completed,base_loss=ce batch_size=8 csv_train=train_mac_UW.csv decay_f=0.1 exp=1 lambd=10 load_checkpoint=models/resnet50_eyepacs lr=0.0001 metric=auc model_name=resnet50 n_epochs=50 optimizer=sgd oversample=1/2/2/4/9 patience=5 pretrained=yes save_model=no,ce,8,train_mac_UW.csv,0.1,1,10,models/resnet50_eyepacs,0.0001,auc,resnet50,50,sgd,1/2/2/4/9,5,True,False,0,0.5517240166664124,0.9272400140762329,0.7986109852790833
82ed11c7,eyepacs:train,2020-03-17 18:52:43,0:02:18,completed,base_loss=ce batch_size=8 csv_train=train_mac_UW.csv decay_f=0.1 exp=1 lambd=10 load_checkpoint=experiments/best_auc_mac_20Mar lr=0.0001 metric=auc model_name=resnet50 n_epochs=50 optimizer=sgd oversample=1/2/2/4/9 patience=5 pretrained=yes save_model=no,ce,8,train_mac_UW.csv,0.1,1,10,experiments/best_auc_mac_20Mar,0.0001,auc,resnet50,50,sgd,1/2/2/4/9,5,True,False,0,0.6551719903945923,0.9155629873275757,0.8379039764404297
16b3470a,eyepacs:train,2020-03-17 18:50:40,0:02:03,completed,base_loss=gls batch_size=8 csv_train=train_mac_UW.csv decay_f=0.1 exp=2 lambd=10 load_checkpoint=models/resnet50_eyepacs lr=0.0001 metric=auc model_name=resnet50 n_epochs=50 optimizer=sgd oversample=1/2/2/4/9 patience=5 pretrained=yes save_model=no,gls,8,train_mac_UW.csv,0.1,2,10,models/resnet50_eyepacs,0.0001,auc,resnet50,50,sgd,1/2/2/4/9,5,True,False,0,0.5862069725990295,0.9214929938316345,0.7970280051231384
4cb22976,eyepacs:train,2020-03-17 18:48:21,0:02:18,completed,base_loss=gls batch_size=8 csv_train=train_mac_UW.csv decay_f=0.1 exp=2 lambd=10 load_checkpoint=experiments/best_auc_mac_20Mar lr=0.0001 metric=auc model_name=resnet50 n_epochs=50 optimizer=sgd oversample=1/2/2/4/9 patience=5 pretrained=yes save_model=no,gls,8,train_mac_UW.csv,0.1,2,10,experiments/best_auc_mac_20Mar,0.0001,auc,resnet50,50,sgd,1/2/2/4/9,5,True,False,0,0.6551719903945923,0.920149028301239,0.8479300141334534
7528839b,eyepacs:train,2020-03-17 18:46:19,0:02:01,completed,base_loss=gls batch_size=8 csv_train=train_mac_UW.csv decay_f=0.1 exp=1 lambd=10 load_checkpoint=models/resnet50_eyepacs lr=0.0001 metric=auc model_name=resnet50 n_epochs=50 optimizer=sgd oversample=1/2/2/4/9 patience=5 pretrained=yes save_model=no,gls,8,train_mac_UW.csv,0.1,1,10,models/resnet50_eyepacs,0.0001,auc,resnet50,50,sgd,1/2/2/4/9,5,True,False,0,0.5517240166664124,0.9251530170440674,0.7855319976806641
4e893ffd,eyepacs:train,2020-03-17 18:44:04,0:02:15,completed,base_loss=gls batch_size=8 csv_train=train_mac_UW.csv decay_f=0.1 exp=1 lambd=10 load_checkpoint=experiments/best_auc_mac_20Mar lr=0.0001 metric=auc model_name=resnet50 n_epochs=50 optimizer=sgd oversample=1/2/2/4/9 patience=5 pretrained=yes save_model=no,gls,8,train_mac_UW.csv,0.1,1,10,experiments/best_auc_mac_20Mar,0.0001,auc,resnet50,50,sgd,1/2/2/4/9,5,True,False,0,0.6206899881362915,0.9203420281410217,0.8285980224609375
28588031,eyepacs:dr_grade_MAC_UW_AUC,2020-03-17 18:44:02,0:26:55,completed,,,,,,,,,,,,,,,,,,0,0.6551719903945923,0.9198200106620789,0.7756959795951843
