,image_id,quality,artifact,clarity,field_def
0,data/images/1_l1.jpg,0,2,3,3
1,data/images/1_l2.jpg,0,0,3,3
2,data/images/1_r1.jpg,0,2,3,3
3,data/images/1_r2.jpg,0,0,4,3
4,data/images/2_l1.jpg,0,3,4,3
5,data/images/2_l2.jpg,0,2,3,4
6,data/images/2_r1.jpg,0,3,2,2
7,data/images/2_r2.jpg,0,4,1,3
8,data/images/3_l1.jpg,0,3,2,3
9,data/images/3_l2.jpg,0,2,3,3
10,data/images/3_r1.jpg,0,0,4,3
11,data/images/3_r2.jpg,0,4,1,3
12,data/images/4_l1.jpg,0,4,2,2
13,data/images/4_l2.jpg,0,3,3,3
14,data/images/4_r1.jpg,0,3,3,2
15,data/images/4_r2.jpg,0,4,1,3
16,data/images/5_l1.jpg,1,0,4,4
17,data/images/5_l2.jpg,1,0,3,3
18,data/images/5_r1.jpg,0,3,2,3
19,data/images/5_r2.jpg,0,0,3,3
20,data/images/6_l1.jpg,0,3,3,3
21,data/images/6_l2.jpg,0,0,2,3
22,data/images/6_r1.jpg,0,4,2,2
23,data/images/6_r2.jpg,0,3,2,3
24,data/images/7_l1.jpg,1,0,2,3
25,data/images/7_l2.jpg,1,0,3,3
26,data/images/7_r1.jpg,1,0,3,2
27,data/images/7_r2.jpg,1,0,4,3
28,data/images/8_l1.jpg,0,3,3,3
29,data/images/8_l2.jpg,0,1,3,4
30,data/images/8_r1.jpg,0,5,2,3
31,data/images/8_r2.jpg,0,4,2,3
32,data/images/9_l1.jpg,0,0,4,3
33,data/images/9_l2.jpg,0,1,3,4
34,data/images/9_r1.jpg,0,3,4,3
35,data/images/9_r2.jpg,0,2,3,3
36,data/images/10_l1.jpg,0,3,3,3
37,data/images/10_l2.jpg,0,0,4,3
38,data/images/10_r1.jpg,0,2,3,3
39,data/images/10_r2.jpg,0,0,3,3
40,data/images/11_l1.jpg,0,2,3,3
41,data/images/11_l2.jpg,0,4,1,3
42,data/images/11_r1.jpg,0,5,1,3
43,data/images/11_r2.jpg,0,5,1,3
44,data/images/12_l1.jpg,1,0,3,3
45,data/images/12_l2.jpg,1,0,4,4
46,data/images/12_r1.jpg,1,0,4,3
47,data/images/12_r2.jpg,1,0,4,4
48,data/images/13_l1.jpg,0,4,1,3
49,data/images/13_l2.jpg,0,4,1,3
50,data/images/13_r1.jpg,0,4,0,3
51,data/images/13_r2.jpg,0,5,1,3
52,data/images/14_l1.jpg,0,0,3,2
53,data/images/14_l2.jpg,0,0,3,3
54,data/images/14_r1.jpg,0,2,3,3
55,data/images/14_r2.jpg,0,0,4,3
56,data/images/15_l1.jpg,1,2,4,2
57,data/images/15_l2.jpg,1,0,4,3
58,data/images/15_r1.jpg,0,3,3,2
59,data/images/15_r2.jpg,0,2,2,3
60,data/images/16_l1.jpg,0,4,1,2
61,data/images/16_l2.jpg,0,4,2,3
62,data/images/16_r1.jpg,0,3,2,2
63,data/images/16_r2.jpg,0,3,3,3
64,data/images/17_l1.jpg,0,2,3,3
65,data/images/17_l2.jpg,0,0,4,3
66,data/images/17_r1.jpg,0,2,4,2
67,data/images/17_r2.jpg,0,2,4,3
68,data/images/18_l1.jpg,1,0,4,3
69,data/images/18_l2.jpg,1,0,3,3
70,data/images/18_r1.jpg,0,2,3,3
71,data/images/18_r2.jpg,0,2,3,3
72,data/images/19_l1.jpg,0,2,3,3
73,data/images/19_l2.jpg,0,4,2,3
74,data/images/19_r1.jpg,0,3,3,2
75,data/images/19_r2.jpg,0,5,2,3
76,data/images/20_l1.jpg,1,2,4,3
77,data/images/20_l2.jpg,1,0,4,4
78,data/images/20_r1.jpg,1,0,4,3
79,data/images/20_r2.jpg,1,0,4,4
80,data/images/21_l1.jpg,0,0,4,1
81,data/images/21_l2.jpg,0,4,1,3
82,data/images/21_r1.jpg,1,5,3,2
83,data/images/21_r2.jpg,1,0,3,3
84,data/images/22_l1.jpg,1,0,3,2
85,data/images/22_l2.jpg,1,0,4,4
86,data/images/22_r1.jpg,0,0,3,3
87,data/images/22_r2.jpg,0,3,2,3
88,data/images/23_l1.jpg,1,0,2,3
89,data/images/23_l2.jpg,1,2,4,3
90,data/images/23_r1.jpg,1,2,3,2
91,data/images/23_r2.jpg,1,0,2,3
92,data/images/24_l1.jpg,1,1,4,3
93,data/images/24_l2.jpg,1,0,4,3
94,data/images/24_r1.jpg,1,3,4,3
95,data/images/24_r2.jpg,1,0,3,3
96,data/images/25_l1.jpg,1,2,2,2
97,data/images/25_l2.jpg,1,0,4,3
98,data/images/25_r1.jpg,0,2,2,3
99,data/images/25_r2.jpg,0,0,2,3
100,data/images/26_l1.jpg,1,0,3,3
101,data/images/26_l2.jpg,1,0,4,4
102,data/images/26_r1.jpg,1,0,4,3
103,data/images/26_r2.jpg,1,0,4,4
104,data/images/27_l1.jpg,1,0,4,3
105,data/images/27_l2.jpg,1,0,4,3
106,data/images/27_r1.jpg,1,0,4,3
107,data/images/27_r2.jpg,1,0,4,3
108,data/images/28_l1.jpg,0,0,4,1
109,data/images/28_l2.jpg,0,0,4,3
110,data/images/28_r1.jpg,1,0,4,2
111,data/images/28_r2.jpg,1,0,4,3
112,data/images/29_l1.jpg,1,0,4,3
113,data/images/29_l2.jpg,1,0,4,3
114,data/images/29_r1.jpg,1,0,4,2
115,data/images/29_r2.jpg,1,0,4,3
116,data/images/30_l1.jpg,0,2,4,2
117,data/images/30_l2.jpg,0,4,3,3
118,data/images/30_r1.jpg,1,2,4,3
119,data/images/30_r2.jpg,1,0,3,3
120,data/images/31_l1.jpg,0,0,1,3
121,data/images/31_l2.jpg,0,0,2,3
122,data/images/31_r1.jpg,0,4,1,3
123,data/images/31_r2.jpg,0,4,2,3
124,data/images/32_l1.jpg,0,3,1,3
125,data/images/32_l2.jpg,0,0,0,3
126,data/images/32_r1.jpg,0,4,2,2
127,data/images/32_r2.jpg,0,0,1,3
128,data/images/33_l1.jpg,0,0,3,2
129,data/images/33_l2.jpg,0,2,3,3
130,data/images/33_r1.jpg,0,2,3,1
131,data/images/33_r2.jpg,0,1,3,3
132,data/images/34_l1.jpg,1,0,4,3
133,data/images/34_l2.jpg,1,0,4,4
134,data/images/34_r1.jpg,0,0,3,3
135,data/images/34_r2.jpg,0,0,4,3
136,data/images/35_l1.jpg,1,2,4,2
137,data/images/35_l2.jpg,1,0,4,4
138,data/images/35_r1.jpg,0,2,4,3
139,data/images/35_r2.jpg,0,2,3,4
140,data/images/36_l1.jpg,1,0,4,4
141,data/images/36_l2.jpg,1,0,3,4
142,data/images/36_r1.jpg,1,0,3,3
143,data/images/36_r2.jpg,1,0,2,2
144,data/images/37_l1.jpg,1,2,4,2
145,data/images/37_l2.jpg,1,0,4,4
146,data/images/37_r1.jpg,1,0,4,2
147,data/images/37_r2.jpg,1,0,4,3
148,data/images/38_l1.jpg,0,0,3,2
149,data/images/38_l2.jpg,0,2,3,3
150,data/images/38_r1.jpg,1,3,3,2
151,data/images/38_r2.jpg,1,0,3,4
152,data/images/39_l1.jpg,1,0,4,3
153,data/images/39_l2.jpg,1,0,4,4
154,data/images/39_r1.jpg,1,2,4,3
155,data/images/39_r2.jpg,1,0,4,3
156,data/images/40_l1.jpg,0,2,3,1
157,data/images/40_l2.jpg,0,4,1,3
158,data/images/40_r1.jpg,0,3,3,2
159,data/images/40_r2.jpg,0,3,2,3
160,data/images/41_l1.jpg,0,5,0,2
161,data/images/41_l2.jpg,0,3,2,3
162,data/images/41_r1.jpg,1,3,3,2
163,data/images/41_r2.jpg,1,0,3,1
164,data/images/42_l1.jpg,1,3,3,2
165,data/images/42_l2.jpg,1,0,3,3
166,data/images/42_r1.jpg,1,0,4,2
167,data/images/42_r2.jpg,1,0,4,3
168,data/images/43_l1.jpg,0,2,3,2
169,data/images/43_l2.jpg,0,0,4,4
170,data/images/43_r1.jpg,1,0,4,3
171,data/images/43_r2.jpg,1,0,3,4
172,data/images/44_l1.jpg,1,0,3,4
173,data/images/44_l2.jpg,1,0,4,3
174,data/images/44_r1.jpg,0,3,3,2
175,data/images/44_r2.jpg,0,0,3,4
176,data/images/45_l1.jpg,0,3,2,3
177,data/images/45_l2.jpg,0,4,0,3
178,data/images/45_r1.jpg,0,4,0,3
179,data/images/45_r2.jpg,0,0,4,4
180,data/images/46_l1.jpg,0,4,2,2
181,data/images/46_l2.jpg,0,4,1,3
182,data/images/46_r1.jpg,0,4,2,3
183,data/images/46_r2.jpg,0,3,2,2
184,data/images/47_l1.jpg,0,2,4,3
185,data/images/47_l2.jpg,0,0,4,3
186,data/images/47_r1.jpg,1,2,4,3
187,data/images/47_r2.jpg,1,0,4,4
188,data/images/48_l1.jpg,1,0,4,4
189,data/images/48_l2.jpg,1,0,4,4
190,data/images/48_r1.jpg,1,0,4,3
191,data/images/48_r2.jpg,1,0,4,4
192,data/images/49_l1.jpg,0,3,2,1
193,data/images/49_l2.jpg,0,0,2,4
194,data/images/49_r1.jpg,0,4,2,3
195,data/images/49_r2.jpg,0,0,4,3
196,data/images/50_l1.jpg,1,3,2,3
197,data/images/50_l2.jpg,1,0,3,4
198,data/images/50_r1.jpg,1,2,3,2
199,data/images/50_r2.jpg,1,0,3,3
200,data/images/51_l1.jpg,0,4,1,2
201,data/images/51_l2.jpg,0,4,2,3
202,data/images/51_r1.jpg,1,2,2,3
203,data/images/51_r2.jpg,1,2,4,3
204,data/images/52_l1.jpg,0,2,3,3
205,data/images/52_l2.jpg,0,2,2,3
206,data/images/52_r1.jpg,1,3,4,3
207,data/images/52_r2.jpg,1,0,4,3
208,data/images/53_l1.jpg,1,2,3,3
209,data/images/53_l2.jpg,1,0,3,3
210,data/images/53_r1.jpg,1,1,3,3
211,data/images/53_r2.jpg,1,0,4,3
212,data/images/54_l1.jpg,1,0,4,3
213,data/images/54_l2.jpg,1,0,4,3
214,data/images/54_r1.jpg,0,2,3,3
215,data/images/54_r2.jpg,0,4,1,3
216,data/images/55_l1.jpg,1,0,3,3
217,data/images/55_l2.jpg,1,0,4,3
218,data/images/55_r1.jpg,0,2,3,3
219,data/images/55_r2.jpg,0,0,4,4
220,data/images/56_l1.jpg,0,0,3,3
221,data/images/56_r3.jpg,0,1,4,3
222,data/images/56_l3.jpg,1,0,4,4
223,data/images/56_r2.jpg,1,0,4,3
224,data/images/57_l1.jpg,1,4,1,3
225,data/images/57_l2.jpg,1,4,2,4
226,data/images/57_r1.jpg,1,3,2,3
227,data/images/57_r2.jpg,1,0,2,3
228,data/images/58_l1.jpg,0,3,3,3
229,data/images/58_l2.jpg,0,0,4,4
230,data/images/58_r1.jpg,1,4,3,3
231,data/images/58_r2.jpg,1,0,3,3
232,data/images/59_l1.jpg,1,0,4,1
233,data/images/59_l2.jpg,1,4,1,3
234,data/images/59_r1.jpg,1,0,2,1
235,data/images/59_r2.jpg,1,0,4,3
236,data/images/60_l1.jpg,1,4,2,3
237,data/images/60_l2.jpg,1,0,2,2
238,data/images/60_r1.jpg,1,1,3,3
239,data/images/60_r2.jpg,1,0,4,3
240,data/images/61_l1.jpg,0,0,4,4
241,data/images/61_l2.jpg,0,4,2,3
242,data/images/61_r1.jpg,1,0,3,1
243,data/images/61_r2.jpg,1,0,3,4
244,data/images/62_l1.jpg,1,2,3,3
245,data/images/62_l2.jpg,1,0,4,3
246,data/images/62_r1.jpg,1,0,4,2
247,data/images/62_r2.jpg,1,3,3,3
248,data/images/63_l1.jpg,1,0,4,3
249,data/images/63_l2.jpg,1,0,4,4
250,data/images/63_r1.jpg,1,2,4,3
251,data/images/63_r2.jpg,1,0,4,3
252,data/images/64_l1.jpg,0,0,2,3
253,data/images/64_l2.jpg,0,0,4,1
254,data/images/64_r1.jpg,0,2,3,1
255,data/images/64_r2.jpg,0,1,2,3
256,data/images/65_l1.jpg,0,1,3,4
257,data/images/65_l2.jpg,0,3,2,3
258,data/images/65_r1.jpg,1,0,4,3
259,data/images/65_r2.jpg,1,0,3,4
260,data/images/66_l1.jpg,1,0,4,2
261,data/images/66_l2.jpg,1,0,4,4
262,data/images/66_r1.jpg,1,1,3,2
263,data/images/66_r2.jpg,1,0,4,3
264,data/images/67_l1.jpg,0,1,4,3
265,data/images/67_l2.jpg,0,0,3,3
266,data/images/67_r1.jpg,1,1,3,3
267,data/images/67_r2.jpg,1,0,3,3
268,data/images/68_l1.jpg,1,0,3,3
269,data/images/68_l2.jpg,1,0,4,3
270,data/images/68_r1.jpg,1,4,1,3
271,data/images/68_r2.jpg,1,0,4,4
272,data/images/69_l1.jpg,1,2,4,2
273,data/images/69_l2.jpg,1,0,4,3
274,data/images/69_r1.jpg,1,2,4,3
275,data/images/69_r2.jpg,1,0,4,3
276,data/images/70_l1.jpg,0,0,2,3
277,data/images/70_l2.jpg,0,0,2,3
278,data/images/70_r1.jpg,1,0,4,2
279,data/images/70_r2.jpg,1,0,3,3
280,data/images/71_l1.jpg,0,0,4,3
281,data/images/71_l2.jpg,0,4,1,3
282,data/images/71_r1.jpg,0,0,4,3
283,data/images/71_r2.jpg,0,2,3,3
284,data/images/72_l1.jpg,0,2,3,3
285,data/images/72_l2.jpg,0,0,4,4
286,data/images/72_r1.jpg,0,2,4,3
287,data/images/72_r2.jpg,0,0,4,4
288,data/images/73_l1.jpg,0,2,2,3
289,data/images/73_l2.jpg,0,2,4,3
290,data/images/73_r1.jpg,0,2,4,2
291,data/images/73_r2.jpg,0,2,4,3
292,data/images/74_l1.jpg,1,0,3,3
293,data/images/74_l2.jpg,1,3,2,3
294,data/images/74_r1.jpg,0,4,0,3
295,data/images/74_r2.jpg,0,0,3,2
296,data/images/75_l1.jpg,0,4,2,3
297,data/images/75_l2.jpg,0,3,2,3
298,data/images/75_r1.jpg,0,3,3,2
299,data/images/75_r2.jpg,0,0,4,3
300,data/images/76_l1.jpg,0,5,1,3
301,data/images/76_l2.jpg,0,5,2,4
302,data/images/76_r1.jpg,0,0,3,3
303,data/images/76_r2.jpg,0,0,3,1
304,data/images/77_r3.jpg,1,0,2,1
305,data/images/77_l3.jpg,1,0,3,3
306,data/images/77_l4.jpg,1,0,3,4
307,data/images/78_l1.jpg,0,2,4,3
308,data/images/78_l2.jpg,0,2,4,3
309,data/images/78_r1.jpg,1,0,4,2
310,data/images/78_r2.jpg,1,0,4,4
311,data/images/79_l1.jpg,1,2,3,3
312,data/images/79_l2.jpg,1,0,4,3
313,data/images/79_r1.jpg,0,3,2,3
314,data/images/79_r2.jpg,0,3,3,2
315,data/images/80_l1.jpg,0,4,1,2
316,data/images/80_l2.jpg,0,5,0,3
317,data/images/80_r1.jpg,0,3,2,2
318,data/images/80_r2.jpg,0,5,0,4
319,data/images/81_l1.jpg,1,1,2,3
320,data/images/81_l2.jpg,1,0,4,3
321,data/images/81_r1.jpg,0,0,4,3
322,data/images/81_r2.jpg,0,0,3,3
323,data/images/82_l1.jpg,1,2,3,2
324,data/images/82_l2.jpg,1,1,3,4
325,data/images/82_r1.jpg,0,2,2,2
326,data/images/82_r2.jpg,0,0,3,4
327,data/images/83_l1.jpg,1,0,3,3
328,data/images/83_l2.jpg,1,3,1,3
329,data/images/83_r1.jpg,0,5,2,3
330,data/images/83_r2.jpg,0,0,3,3
331,data/images/84_l1.jpg,0,4,0,2
332,data/images/84_l2.jpg,0,0,1,3
333,data/images/84_r1.jpg,1,0,3,1
334,data/images/84_r2.jpg,1,0,4,3
335,data/images/85_l1.jpg,1,0,4,3
336,data/images/85_l2.jpg,1,0,4,4
337,data/images/85_r1.jpg,0,0,4,3
338,data/images/85_r2.jpg,0,0,4,4
339,data/images/86_l1.jpg,0,3,3,3
340,data/images/86_l2.jpg,0,4,1,3
341,data/images/86_r1.jpg,1,2,3,3
342,data/images/86_r2.jpg,1,2,2,3
343,data/images/87_l1.jpg,1,0,2,3
344,data/images/87_l2.jpg,1,0,1,3
345,data/images/87_r1.jpg,0,0,0,0
346,data/images/87_r2.jpg,0,0,2,1
347,data/images/88_l1.jpg,0,0,4,2
348,data/images/88_l2.jpg,0,0,4,4
349,data/images/88_r1.jpg,1,0,4,3
350,data/images/88_r2.jpg,1,0,4,3
351,data/images/89_l1.jpg,1,0,4,1
352,data/images/89_l2.jpg,1,4,2,1
353,data/images/89_r1.jpg,0,3,1,1
354,data/images/89_r2.jpg,0,3,2,3
355,data/images/90_l1.jpg,0,3,2,3
356,data/images/90_l2.jpg,0,0,2,3
357,data/images/90_r1.jpg,0,2,2,3
358,data/images/90_r2.jpg,0,3,2,3
359,data/images/91_l1.jpg,0,3,3,2
360,data/images/91_l2.jpg,0,4,1,3
361,data/images/91_r1.jpg,0,2,4,2
362,data/images/91_r2.jpg,0,2,4,4
363,data/images/92_l1.jpg,0,0,3,2
364,data/images/92_l2.jpg,0,0,3,4
365,data/images/92_r1.jpg,0,2,3,2
366,data/images/92_r2.jpg,0,0,4,3
367,data/images/93_l1.jpg,1,0,4,3
368,data/images/93_l2.jpg,1,0,4,3
369,data/images/93_r1.jpg,0,0,3,2
370,data/images/93_r2.jpg,0,0,4,3
371,data/images/94_l1.jpg,0,4,3,3
372,data/images/94_l2.jpg,0,0,4,4
373,data/images/94_r1.jpg,0,4,2,2
374,data/images/94_r2.jpg,0,0,3,1
375,data/images/95_l1.jpg,1,0,4,3
376,data/images/95_l2.jpg,1,0,4,4
377,data/images/95_r1.jpg,1,0,3,3
378,data/images/95_r2.jpg,1,0,3,3
379,data/images/96_l1.jpg,1,0,4,3
380,data/images/96_l2.jpg,1,0,4,3
381,data/images/96_r1.jpg,1,0,4,3
382,data/images/96_r2.jpg,1,0,4,3
383,data/images/97_l1.jpg,1,2,3,3
384,data/images/97_l2.jpg,1,0,4,4
385,data/images/97_r1.jpg,0,2,2,3
386,data/images/97_r2.jpg,0,5,1,3
387,data/images/98_l1.jpg,0,0,2,3
388,data/images/98_l2.jpg,0,5,1,3
389,data/images/98_r1.jpg,0,0,3,3
390,data/images/98_r2.jpg,0,0,2,3
391,data/images/99_l1.jpg,1,2,4,3
392,data/images/99_l2.jpg,1,0,4,3
393,data/images/99_r1.jpg,0,3,4,3
394,data/images/99_r2.jpg,0,2,4,3
395,data/images/100_l1.jpg,1,0,4,3
396,data/images/100_l2.jpg,1,0,4,3
397,data/images/100_r1.jpg,1,2,3,3
398,data/images/100_r2.jpg,1,0,4,3
399,data/images/101_l1.jpg,0,5,0,2
400,data/images/101_l2.jpg,0,4,1,3
401,data/images/101_r1.jpg,0,3,2,2
402,data/images/101_r2.jpg,0,4,2,3
403,data/images/102_l1.jpg,0,4,1,3
404,data/images/102_l2.jpg,0,2,3,3
405,data/images/102_r1.jpg,0,3,3,3
406,data/images/102_r2.jpg,0,0,3,3
407,data/images/103_l1.jpg,0,0,4,2
408,data/images/103_l2.jpg,0,5,1,3
409,data/images/103_r1.jpg,0,2,2,2
410,data/images/103_r2.jpg,0,5,0,3
411,data/images/104_l1.jpg,1,0,2,3
412,data/images/104_l2.jpg,1,0,2,3
413,data/images/104_r1.jpg,1,0,2,3
414,data/images/104_r2.jpg,1,2,2,3
415,data/images/105_l1.jpg,1,0,4,3
416,data/images/105_l2.jpg,1,0,3,4
417,data/images/105_r1.jpg,1,0,3,3
418,data/images/105_r2.jpg,1,0,4,3
419,data/images/106_l1.jpg,0,0,1,3
420,data/images/106_l2.jpg,0,0,1,3
421,data/images/106_r1.jpg,0,4,1,3
422,data/images/106_r2.jpg,0,0,3,3
423,data/images/107_l1.jpg,1,0,3,4
424,data/images/107_l2.jpg,1,0,3,4
425,data/images/107_r1.jpg,0,0,4,4
426,data/images/107_r2.jpg,0,1,3,3
427,data/images/108_l1.jpg,1,0,3,3
428,data/images/108_l2.jpg,1,0,4,3
429,data/images/108_r1.jpg,0,4,1,3
430,data/images/108_r2.jpg,0,0,3,3
431,data/images/109_l1.jpg,1,3,2,2
432,data/images/109_l2.jpg,1,0,4,3
433,data/images/109_r1.jpg,0,1,3,3
434,data/images/109_r2.jpg,0,1,3,3
435,data/images/110_l1.jpg,1,2,3,2
436,data/images/110_l2.jpg,1,0,4,3
437,data/images/110_r1.jpg,0,3,2,2
438,data/images/110_r2.jpg,0,0,2,3
439,data/images/111_l1.jpg,1,2,2,3
440,data/images/111_l2.jpg,1,4,0,3
441,data/images/111_r1.jpg,0,3,2,3
442,data/images/111_r2.jpg,0,4,2,3
443,data/images/112_l1.jpg,1,0,3,2
444,data/images/112_l2.jpg,1,0,3,3
445,data/images/112_r1.jpg,0,2,3,3
446,data/images/112_r2.jpg,0,0,4,3
447,data/images/113_l1.jpg,1,0,4,2
448,data/images/113_l2.jpg,1,1,4,3
449,data/images/113_r1.jpg,1,0,4,2
450,data/images/113_r2.jpg,1,0,4,4
451,data/images/114_l1.jpg,0,3,3,2
452,data/images/114_l2.jpg,0,2,3,3
453,data/images/114_r1.jpg,0,4,1,3
454,data/images/114_r2.jpg,0,4,2,3
455,data/images/115_l1.jpg,0,5,1,3
456,data/images/115_l2.jpg,0,5,0,3
457,data/images/115_r1.jpg,0,3,2,3
458,data/images/115_r2.jpg,0,5,0,3
459,data/images/116_l1.jpg,0,5,1,2
460,data/images/116_l2.jpg,0,2,3,3
461,data/images/116_r1.jpg,1,2,4,3
462,data/images/116_r2.jpg,1,0,3,4
463,data/images/117_l1.jpg,0,2,3,3
464,data/images/117_l2.jpg,0,3,2,3
465,data/images/117_r1.jpg,0,2,2,3
466,data/images/117_r2.jpg,0,2,3,1
467,data/images/118_l1.jpg,0,2,4,3
468,data/images/118_l2.jpg,0,4,2,3
469,data/images/118_r1.jpg,0,0,4,3
470,data/images/118_r2.jpg,0,0,4,1
471,data/images/119_l1.jpg,1,2,3,3
472,data/images/119_l2.jpg,1,0,4,3
473,data/images/119_r1.jpg,0,2,4,3
474,data/images/119_r2.jpg,0,0,4,4
475,data/images/120_l1.jpg,1,0,4,3
476,data/images/120_l2.jpg,1,0,4,3
477,data/images/120_r1.jpg,0,0,4,4
478,data/images/120_r2.jpg,0,0,4,3
479,data/images/121_l1.jpg,1,2,3,3
480,data/images/121_l2.jpg,1,2,3,3
481,data/images/121_r1.jpg,1,4,3,3
482,data/images/121_r2.jpg,1,0,3,3
483,data/images/122_l1.jpg,1,0,3,2
484,data/images/122_l2.jpg,1,0,4,4
485,data/images/122_r1.jpg,1,0,4,2
486,data/images/122_r2.jpg,1,0,4,3
487,data/images/123_l1.jpg,1,0,4,3
488,data/images/123_l2.jpg,1,0,4,4
489,data/images/123_r1.jpg,1,0,0,3
490,data/images/123_r2.jpg,1,0,4,4
491,data/images/124_l1.jpg,0,0,3,3
492,data/images/124_l2.jpg,0,0,3,3
493,data/images/124_r1.jpg,0,0,3,3
494,data/images/124_r2.jpg,0,3,2,3
495,data/images/125_l1.jpg,0,3,3,3
496,data/images/125_l2.jpg,0,2,2,3
497,data/images/125_r1.jpg,0,2,3,2
498,data/images/125_r2.jpg,0,3,2,3
499,data/images/126_l1.jpg,1,2,3,3
500,data/images/126_l2.jpg,1,0,3,3
501,data/images/126_r1.jpg,1,0,3,2
502,data/images/126_r2.jpg,1,0,3,4
503,data/images/127_l1.jpg,0,0,3,2
504,data/images/127_l2.jpg,0,0,4,3
505,data/images/127_r1.jpg,1,0,4,2
506,data/images/127_r2.jpg,1,0,4,2
507,data/images/128_l1.jpg,0,1,2,3
508,data/images/128_l2.jpg,0,1,2,4
509,data/images/128_r1.jpg,1,0,2,3
510,data/images/128_r2.jpg,1,3,2,3
511,data/images/129_l1.jpg,0,4,1,3
512,data/images/129_l2.jpg,0,0,4,4
513,data/images/129_r1.jpg,1,2,3,3
514,data/images/129_r2.jpg,1,0,4,3
515,data/images/130_l1.jpg,1,0,2,3
516,data/images/130_l2.jpg,1,0,2,3
517,data/images/130_r1.jpg,1,4,2,3
518,data/images/130_r2.jpg,1,0,3,3
519,data/images/131_l1.jpg,1,2,4,3
520,data/images/131_l2.jpg,1,0,4,3
521,data/images/131_r1.jpg,1,2,2,3
522,data/images/131_r2.jpg,1,0,4,3
523,data/images/132_l1.jpg,1,0,4,4
524,data/images/132_l2.jpg,1,0,4,3
525,data/images/132_r1.jpg,1,0,4,3
526,data/images/132_r2.jpg,1,0,3,4
527,data/images/133_l1.jpg,1,0,4,1
528,data/images/133_l2.jpg,1,1,4,4
529,data/images/133_r1.jpg,0,2,3,1
530,data/images/133_r2.jpg,0,0,4,3
531,data/images/134_l1.jpg,1,2,3,2
532,data/images/134_l2.jpg,1,0,3,4
533,data/images/134_r1.jpg,1,0,4,2
534,data/images/134_r2.jpg,1,0,4,4
535,data/images/135_l1.jpg,1,2,3,3
536,data/images/135_l2.jpg,1,2,2,4
537,data/images/135_r1.jpg,0,3,2,3
538,data/images/135_r2.jpg,0,4,1,3
539,data/images/136_l1.jpg,1,0,2,2
540,data/images/136_l2.jpg,1,0,4,3
541,data/images/136_r1.jpg,1,2,3,2
542,data/images/136_r2.jpg,1,0,4,2
543,data/images/137_l1.jpg,0,2,3,3
544,data/images/137_l2.jpg,0,3,2,1
545,data/images/137_r1.jpg,0,0,4,3
546,data/images/137_r2.jpg,0,0,2,3
547,data/images/138_l1.jpg,1,3,4,1
548,data/images/138_l2.jpg,1,0,3,3
549,data/images/138_r1.jpg,1,0,2,2
550,data/images/138_r2.jpg,1,2,3,4
551,data/images/139_l1.jpg,0,3,3,3
552,data/images/139_l2.jpg,0,3,2,3
553,data/images/139_r1.jpg,0,4,2,3
554,data/images/139_r2.jpg,0,5,0,3
555,data/images/140_l1.jpg,1,0,4,2
556,data/images/140_l2.jpg,1,0,4,4
557,data/images/140_r1.jpg,1,0,4,2
558,data/images/140_r2.jpg,1,0,4,3
559,data/images/141_l1.jpg,1,0,3,3
560,data/images/141_l2.jpg,1,0,4,3
561,data/images/141_r1.jpg,1,0,3,2
562,data/images/141_r2.jpg,1,0,4,3
563,data/images/142_l1.jpg,1,2,3,3
564,data/images/142_l2.jpg,1,0,4,3
565,data/images/142_r1.jpg,1,0,4,3
566,data/images/142_r2.jpg,1,4,1,3
567,data/images/143_l1.jpg,0,2,2,3
568,data/images/143_l2.jpg,0,0,3,2
569,data/images/143_r1.jpg,0,2,2,3
570,data/images/143_r2.jpg,0,0,3,3
571,data/images/144_l1.jpg,1,0,3,2
572,data/images/144_l2.jpg,1,0,3,4
573,data/images/144_r1.jpg,1,0,2,3
574,data/images/144_r2.jpg,1,0,2,3
575,data/images/145_l1.jpg,1,1,4,3
576,data/images/145_l2.jpg,1,0,4,4
577,data/images/145_r1.jpg,1,3,3,2
578,data/images/145_r2.jpg,1,3,3,3
579,data/images/146_l1.jpg,1,0,4,3
580,data/images/146_l2.jpg,1,0,4,3
581,data/images/146_r1.jpg,1,2,4,2
582,data/images/146_r2.jpg,1,0,4,4
583,data/images/147_l1.jpg,0,3,4,3
584,data/images/147_l2.jpg,0,3,3,3
585,data/images/147_r1.jpg,0,3,3,2
586,data/images/147_r2.jpg,0,2,3,2
587,data/images/148_l1.jpg,0,2,4,3
588,data/images/148_l2.jpg,0,2,4,3
589,data/images/148_r1.jpg,1,2,4,3
590,data/images/148_r2.jpg,1,0,4,3
591,data/images/149_l1.jpg,0,3,2,2
592,data/images/149_l2.jpg,0,0,3,3
593,data/images/149_r1.jpg,1,3,4,2
594,data/images/149_r2.jpg,1,0,4,4
595,data/images/150_l1.jpg,0,2,3,3
596,data/images/150_l2.jpg,0,0,3,3
597,data/images/150_r1.jpg,0,2,4,2
598,data/images/150_r2.jpg,0,0,3,3
599,data/images/151_l1.jpg,0,3,1,3
600,data/images/151_l2.jpg,0,5,1,3
601,data/images/151_r1.jpg,0,5,0,0
602,data/images/151_r2.jpg,0,4,1,3
603,data/images/152_l1.jpg,0,2,3,2
604,data/images/152_l2.jpg,0,3,3,3
605,data/images/152_r1.jpg,0,2,3,2
606,data/images/152_r2.jpg,0,4,1,3
607,data/images/153_l1.jpg,0,2,3,3
608,data/images/153_l2.jpg,0,5,1,3
609,data/images/153_r1.jpg,0,2,3,3
610,data/images/153_r2.jpg,0,4,2,3
611,data/images/154_l1.jpg,1,2,4,3
612,data/images/154_l2.jpg,1,0,4,4
613,data/images/154_r1.jpg,0,2,3,3
614,data/images/154_r2.jpg,0,3,2,3
615,data/images/155_l1.jpg,1,1,3,1
616,data/images/155_l2.jpg,1,0,4,4
617,data/images/155_r1.jpg,1,0,4,1
618,data/images/155_r2.jpg,1,0,3,4
619,data/images/156_l1.jpg,0,5,1,4
620,data/images/156_l2.jpg,0,0,0,0
621,data/images/156_r1.jpg,0,0,3,2
622,data/images/156_r2.jpg,0,0,3,1
623,data/images/157_l1.jpg,0,0,2,3
624,data/images/157_l2.jpg,0,0,2,3
625,data/images/157_r1.jpg,1,0,4,3
626,data/images/157_r2.jpg,1,0,2,3
627,data/images/158_l1.jpg,0,4,2,4
628,data/images/158_l2.jpg,0,2,3,3
629,data/images/158_r1.jpg,0,0,3,3
630,data/images/158_r2.jpg,0,3,1,2
631,data/images/159_l1.jpg,1,2,4,4
632,data/images/159_l2.jpg,1,0,4,4
633,data/images/159_r1.jpg,0,2,2,2
634,data/images/159_r2.jpg,0,0,3,3
635,data/images/160_l1.jpg,0,4,3,2
636,data/images/160_l2.jpg,0,0,2,3
637,data/images/160_r1.jpg,0,4,2,3
638,data/images/160_r2.jpg,0,4,3,3
639,data/images/161_l1.jpg,0,2,4,3
640,data/images/161_l2.jpg,0,0,3,3
641,data/images/161_r1.jpg,1,0,4,4
642,data/images/161_r2.jpg,1,0,3,3
643,data/images/162_l1.jpg,0,3,2,3
644,data/images/162_l2.jpg,0,3,1,3
645,data/images/162_r1.jpg,1,3,3,1
646,data/images/162_r2.jpg,1,0,3,4
647,data/images/163_l1.jpg,0,0,4,3
648,data/images/163_l2.jpg,0,1,4,4
649,data/images/163_r1.jpg,1,1,2,3
650,data/images/163_r2.jpg,1,0,4,3
651,data/images/164_r3.jpg,0,0,3,1
652,data/images/164_r4.jpg,0,0,4,1
653,data/images/164_r1.jpg,1,2,3,3
654,data/images/164_l3.jpg,1,1,3,4
655,data/images/165_l1.jpg,1,2,4,3
656,data/images/165_l2.jpg,1,1,4,3
657,data/images/165_r1.jpg,0,3,3,3
658,data/images/165_r2.jpg,0,4,2,3
659,data/images/166_l1.jpg,0,4,1,3
660,data/images/166_l2.jpg,0,5,0,3
661,data/images/166_r1.jpg,0,5,1,1
662,data/images/166_r2.jpg,0,5,0,0
663,data/images/167_r3.jpg,0,2,3,2
664,data/images/167_l2.jpg,0,0,4,3
665,data/images/167_l3.jpg,1,2,3,2
666,data/images/167_r2.jpg,1,0,4,3
667,data/images/168_l1.jpg,0,0,4,3
668,data/images/168_l2.jpg,0,0,4,3
669,data/images/168_r1.jpg,1,0,4,2
670,data/images/168_r2.jpg,1,0,4,4
671,data/images/169_l1.jpg,0,2,3,3
672,data/images/169_l2.jpg,0,4,2,3
673,data/images/169_r1.jpg,0,0,4,2
674,data/images/169_r2.jpg,0,2,4,3
675,data/images/170_l1.jpg,0,2,3,2
676,data/images/170_l2.jpg,0,3,2,3
677,data/images/170_r1.jpg,1,2,3,2
678,data/images/170_r2.jpg,1,3,3,2
679,data/images/171_l1.jpg,1,0,3,3
680,data/images/171_l2.jpg,1,0,2,3
681,data/images/171_r1.jpg,1,0,4,3
682,data/images/171_r2.jpg,1,0,4,3
683,data/images/172_l1.jpg,1,2,3,3
684,data/images/172_l2.jpg,1,0,4,3
685,data/images/172_r1.jpg,1,0,3,3
686,data/images/172_r2.jpg,1,0,3,2
687,data/images/173_l1.jpg,1,0,4,3
688,data/images/173_l2.jpg,1,0,3,4
689,data/images/173_r1.jpg,0,0,4,3
690,data/images/173_r2.jpg,0,0,3,3
691,data/images/174_l1.jpg,0,1,3,3
692,data/images/174_l2.jpg,0,0,3,3
693,data/images/174_r1.jpg,0,4,1,3
694,data/images/174_r2.jpg,0,4,3,3
695,data/images/175_l1.jpg,0,2,3,3
696,data/images/175_l2.jpg,0,0,3,1
697,data/images/175_r1.jpg,0,3,2,3
698,data/images/175_r2.jpg,0,3,2,2
699,data/images/176_l1.jpg,0,2,2,3
700,data/images/176_l2.jpg,0,0,4,3
701,data/images/176_r1.jpg,0,2,3,2
702,data/images/176_r2.jpg,0,0,4,3
703,data/images/177_l1.jpg,0,2,3,3
704,data/images/177_l2.jpg,0,0,4,3
705,data/images/177_r1.jpg,1,0,4,3
706,data/images/177_r2.jpg,1,0,4,4
707,data/images/178_l1.jpg,0,2,2,3
708,data/images/178_l2.jpg,0,3,3,3
709,data/images/178_r1.jpg,0,3,2,3
710,data/images/178_r2.jpg,0,3,3,2
711,data/images/179_l1.jpg,0,4,2,3
712,data/images/179_l2.jpg,0,2,1,3
713,data/images/179_r1.jpg,0,3,3,3
714,data/images/179_r2.jpg,0,4,2,3
715,data/images/180_l1.jpg,1,0,4,3
716,data/images/180_l2.jpg,1,2,3,3
717,data/images/180_r1.jpg,0,4,2,3
718,data/images/180_r2.jpg,0,2,2,3
719,data/images/181_l1.jpg,1,0,4,3
720,data/images/181_l2.jpg,1,0,4,4
721,data/images/181_r1.jpg,1,0,3,3
722,data/images/181_r2.jpg,1,0,4,3
723,data/images/182_l1.jpg,0,2,4,3
724,data/images/182_l2.jpg,0,2,3,3
725,data/images/182_r1.jpg,1,2,4,3
726,data/images/182_r2.jpg,1,0,4,4
727,data/images/183_l1.jpg,1,0,3,4
728,data/images/183_l2.jpg,1,0,3,3
729,data/images/183_r1.jpg,1,0,3,3
730,data/images/183_r2.jpg,1,2,3,3
731,data/images/184_l1.jpg,0,3,3,3
732,data/images/184_l2.jpg,0,0,3,1
733,data/images/184_r1.jpg,0,4,2,3
734,data/images/184_r2.jpg,0,4,1,3
735,data/images/185_l1.jpg,0,2,3,3
736,data/images/185_l2.jpg,0,0,2,3
737,data/images/185_r1.jpg,0,3,3,3
738,data/images/185_r2.jpg,0,2,3,3
739,data/images/186_l1.jpg,1,0,3,3
740,data/images/186_l2.jpg,1,0,4,4
741,data/images/186_r1.jpg,1,0,4,3
742,data/images/186_r2.jpg,1,0,4,3
743,data/images/187_l1.jpg,0,4,1,2
744,data/images/187_l2.jpg,0,4,1,3
745,data/images/187_r1.jpg,1,5,0,2
746,data/images/187_r2.jpg,1,3,3,3
747,data/images/188_l1.jpg,1,4,2,3
748,data/images/188_l2.jpg,1,0,2,3
749,data/images/188_r1.jpg,1,0,4,3
750,data/images/188_r2.jpg,1,3,3,3
751,data/images/189_l1.jpg,1,1,2,3
752,data/images/189_l2.jpg,1,0,4,3
753,data/images/189_r1.jpg,0,3,3,3
754,data/images/189_r2.jpg,0,0,2,3
755,data/images/190_l1.jpg,1,0,2,3
756,data/images/190_l2.jpg,1,0,4,4
757,data/images/190_r1.jpg,0,2,2,2
758,data/images/190_r2.jpg,0,2,2,4
759,data/images/191_l1.jpg,0,4,1,3
760,data/images/191_l2.jpg,0,0,1,3
761,data/images/191_r1.jpg,0,4,2,3
762,data/images/191_r2.jpg,0,4,3,2
763,data/images/192_l1.jpg,1,3,2,3
764,data/images/192_l2.jpg,1,2,2,3
765,data/images/192_r1.jpg,0,4,2,3
766,data/images/192_r2.jpg,0,4,1,3
767,data/images/193_l1.jpg,0,0,4,2
768,data/images/193_l2.jpg,0,0,4,3
769,data/images/193_r1.jpg,0,0,4,2
770,data/images/193_r2.jpg,0,0,4,3
771,data/images/194_l1.jpg,1,2,3,1
772,data/images/194_l2.jpg,1,0,3,3
773,data/images/194_r1.jpg,0,3,2,3
774,data/images/194_r2.jpg,0,4,2,3
775,data/images/195_l1.jpg,0,3,3,2
776,data/images/195_l2.jpg,0,3,4,3
777,data/images/195_r1.jpg,0,2,4,3
778,data/images/195_r2.jpg,0,2,4,3
779,data/images/196_l1.jpg,1,0,3,2
780,data/images/196_l2.jpg,1,0,3,4
781,data/images/196_r1.jpg,1,0,2,3
782,data/images/196_r2.jpg,1,0,4,4
783,data/images/197_l1.jpg,1,0,4,3
784,data/images/197_l2.jpg,1,0,4,3
785,data/images/197_r1.jpg,1,0,4,3
786,data/images/197_r2.jpg,1,0,2,3
787,data/images/198_l1.jpg,1,2,4,3
788,data/images/198_l2.jpg,1,0,4,3
789,data/images/198_r1.jpg,0,3,2,3
790,data/images/198_r2.jpg,0,3,2,3
791,data/images/199_l1.jpg,0,2,4,2
792,data/images/199_l2.jpg,0,2,3,3
793,data/images/199_r1.jpg,0,2,3,2
794,data/images/199_r2.jpg,0,4,2,3
795,data/images/200_l1.jpg,0,4,0,2
796,data/images/200_l2.jpg,0,2,2,3
797,data/images/200_r1.jpg,1,0,4,3
798,data/images/200_r2.jpg,1,0,4,4
799,data/images/201_l1.jpg,0,4,2,2
800,data/images/201_l2.jpg,0,3,2,3
801,data/images/201_r1.jpg,0,2,4,3
802,data/images/201_r2.jpg,0,4,2,3
803,data/images/202_l1.jpg,0,3,2,1
804,data/images/202_l2.jpg,0,1,4,3
805,data/images/202_r1.jpg,0,2,3,1
806,data/images/202_r2.jpg,0,0,3,3
807,data/images/203_l1.jpg,1,5,0,4
808,data/images/203_l2.jpg,1,0,4,3
809,data/images/203_r1.jpg,1,0,3,1
810,data/images/203_r2.jpg,1,0,3,3
811,data/images/204_l1.jpg,0,4,2,3
812,data/images/204_l2.jpg,0,2,2,3
813,data/images/204_r1.jpg,0,0,3,3
814,data/images/204_r2.jpg,0,3,3,3
815,data/images/205_l1.jpg,0,2,3,3
816,data/images/205_l2.jpg,0,4,2,3
817,data/images/205_r1.jpg,0,0,2,3
818,data/images/205_r2.jpg,0,4,2,3
819,data/images/206_l1.jpg,0,2,3,3
820,data/images/206_l2.jpg,0,3,3,3
821,data/images/206_r1.jpg,0,0,4,3
822,data/images/206_r2.jpg,0,2,3,3
823,data/images/207_l1.jpg,1,2,3,2
824,data/images/207_l2.jpg,1,0,2,3
825,data/images/207_r1.jpg,1,2,3,3
826,data/images/207_r2.jpg,1,1,2,3
827,data/images/208_l1.jpg,1,4,1,3
828,data/images/208_l2.jpg,1,0,2,3
829,data/images/208_r1.jpg,1,4,1,3
830,data/images/208_r2.jpg,1,0,4,3
831,data/images/209_l1.jpg,1,2,3,1
832,data/images/209_l2.jpg,1,0,2,3
833,data/images/209_r1.jpg,0,4,1,3
834,data/images/209_r2.jpg,0,3,2,3
835,data/images/210_l1.jpg,0,0,3,3
836,data/images/210_l2.jpg,0,0,3,4
837,data/images/210_r1.jpg,0,2,4,3
838,data/images/210_r2.jpg,0,2,3,4
839,data/images/211_l1.jpg,1,0,3,2
840,data/images/211_l2.jpg,1,0,4,3
841,data/images/211_r1.jpg,1,0,4,2
842,data/images/211_r2.jpg,1,0,4,4
843,data/images/212_l1.jpg,1,0,3,3
844,data/images/212_l2.jpg,1,0,3,3
845,data/images/212_r1.jpg,0,4,2,3
846,data/images/212_r2.jpg,0,2,3,3
847,data/images/213_l1.jpg,0,3,2,3
848,data/images/213_l2.jpg,0,0,2,3
849,data/images/213_r1.jpg,1,0,3,1
850,data/images/213_r2.jpg,1,0,1,3
851,data/images/214_l1.jpg,1,0,2,3
852,data/images/214_l2.jpg,1,3,3,3
853,data/images/214_r1.jpg,0,0,2,3
854,data/images/214_r2.jpg,0,0,3,3
855,data/images/215_l1.jpg,1,0,4,3
856,data/images/215_l2.jpg,1,2,2,3
857,data/images/215_r1.jpg,1,0,4,4
858,data/images/215_r2.jpg,1,0,2,3
859,data/images/216_l1.jpg,0,2,4,3
860,data/images/216_l2.jpg,0,3,2,3
861,data/images/216_r1.jpg,1,2,4,3
862,data/images/216_r2.jpg,1,0,3,4
863,data/images/217_l1.jpg,0,3,3,3
864,data/images/217_l2.jpg,0,3,1,3
865,data/images/217_r1.jpg,0,3,2,3
866,data/images/217_r2.jpg,0,0,4,3
867,data/images/218_l1.jpg,1,2,2,3
868,data/images/218_l2.jpg,1,0,3,4
869,data/images/218_r1.jpg,0,4,2,3
870,data/images/218_r2.jpg,0,3,2,3
871,data/images/219_l1.jpg,0,2,4,2
872,data/images/219_l2.jpg,0,0,3,3
873,data/images/219_r1.jpg,0,2,4,3
874,data/images/219_r2.jpg,0,5,0,4
875,data/images/220_l1.jpg,1,2,3,3
876,data/images/220_l2.jpg,1,1,4,3
877,data/images/220_r1.jpg,1,1,4,3
878,data/images/220_r2.jpg,1,2,4,3
879,data/images/221_l1.jpg,0,2,3,2
880,data/images/221_l2.jpg,0,2,2,3
881,data/images/221_r1.jpg,0,3,1,3
882,data/images/221_r2.jpg,0,2,2,3
883,data/images/222_l1.jpg,1,0,3,3
884,data/images/222_l2.jpg,1,0,2,3
885,data/images/222_r1.jpg,0,2,3,3
886,data/images/222_r2.jpg,0,4,1,3
887,data/images/223_l1.jpg,0,4,2,3
888,data/images/223_l2.jpg,0,0,3,3
889,data/images/223_r1.jpg,0,3,3,3
890,data/images/223_r2.jpg,0,3,1,3
891,data/images/224_l1.jpg,1,0,4,3
892,data/images/224_l2.jpg,1,0,3,3
893,data/images/224_r1.jpg,1,0,4,3
894,data/images/224_r2.jpg,1,0,3,3
895,data/images/225_l1.jpg,1,0,2,3
896,data/images/225_l2.jpg,1,0,3,4
897,data/images/225_r1.jpg,0,2,3,3
898,data/images/225_r2.jpg,0,3,2,3
899,data/images/226_l1.jpg,1,2,3,3
900,data/images/226_l2.jpg,1,1,3,3
901,data/images/226_r1.jpg,0,0,4,2
902,data/images/226_r2.jpg,0,0,4,4
903,data/images/227_l1.jpg,0,0,2,2
904,data/images/227_l2.jpg,0,0,3,3
905,data/images/227_r1.jpg,0,0,3,3
906,data/images/227_r2.jpg,0,0,3,3
907,data/images/228_l1.jpg,1,2,2,2
908,data/images/228_l2.jpg,1,0,4,3
909,data/images/228_r1.jpg,1,0,3,2
910,data/images/228_r2.jpg,1,0,4,3
911,data/images/229_l1.jpg,1,1,4,3
912,data/images/229_l2.jpg,1,1,3,3
913,data/images/229_r1.jpg,1,0,4,4
914,data/images/229_r2.jpg,1,1,4,4
915,data/images/230_l1.jpg,0,3,2,3
916,data/images/230_l2.jpg,0,0,2,3
917,data/images/230_r1.jpg,0,5,2,3
918,data/images/230_r2.jpg,0,4,2,3
919,data/images/231_l1.jpg,0,2,4,3
920,data/images/231_l2.jpg,0,1,4,4
921,data/images/231_r1.jpg,0,0,4,3
922,data/images/231_r2.jpg,0,0,4,2
923,data/images/232_l1.jpg,0,3,2,3
924,data/images/232_l2.jpg,0,2,2,3
925,data/images/232_r1.jpg,0,2,2,3
926,data/images/232_r2.jpg,0,1,3,3
927,data/images/233_l1.jpg,0,5,1,3
928,data/images/233_l2.jpg,0,5,0,3
929,data/images/233_r1.jpg,0,4,0,3
930,data/images/233_r2.jpg,0,0,1,3
931,data/images/234_l1.jpg,0,4,3,3
932,data/images/234_l2.jpg,0,4,2,3
933,data/images/234_r1.jpg,0,2,3,2
934,data/images/234_r2.jpg,0,3,1,3
935,data/images/235_l1.jpg,1,4,2,3
936,data/images/235_l2.jpg,1,0,4,4
937,data/images/235_r1.jpg,0,2,2,3
938,data/images/235_r2.jpg,0,2,2,3
939,data/images/236_l1.jpg,1,0,3,3
940,data/images/236_l2.jpg,1,0,4,4
941,data/images/236_r1.jpg,0,0,3,2
942,data/images/236_r2.jpg,0,0,3,4
943,data/images/237_l1.jpg,0,2,3,3
944,data/images/237_l2.jpg,0,4,2,3
945,data/images/237_r1.jpg,0,4,2,3
946,data/images/237_r2.jpg,0,4,2,3
947,data/images/238_l1.jpg,0,4,1,3
948,data/images/238_l2.jpg,0,3,2,3
949,data/images/238_r1.jpg,0,2,2,2
950,data/images/238_r2.jpg,0,0,2,3
951,data/images/239_l1.jpg,1,0,4,2
952,data/images/239_l2.jpg,1,0,4,4
953,data/images/239_r1.jpg,1,0,4,2
954,data/images/239_r2.jpg,1,0,4,4
955,data/images/240_l1.jpg,0,0,4,3
956,data/images/240_l2.jpg,0,0,3,4
957,data/images/240_r1.jpg,1,0,4,2
958,data/images/240_r2.jpg,1,0,4,4
959,data/images/241_l1.jpg,0,0,4,2
960,data/images/241_l2.jpg,0,0,4,4
961,data/images/241_r1.jpg,1,2,4,3
962,data/images/241_r2.jpg,1,0,2,4
963,data/images/242_l1.jpg,0,3,3,2
964,data/images/242_l2.jpg,0,2,3,3
965,data/images/242_r1.jpg,0,2,3,3
966,data/images/242_r2.jpg,0,2,4,3
967,data/images/243_l1.jpg,1,0,4,3
968,data/images/243_l2.jpg,1,0,4,4
969,data/images/243_r1.jpg,1,0,4,4
970,data/images/243_r2.jpg,1,0,4,4
971,data/images/244_l1.jpg,1,2,3,2
972,data/images/244_l2.jpg,1,0,4,3
973,data/images/244_r1.jpg,0,3,3,2
974,data/images/244_r2.jpg,0,3,2,3
975,data/images/245_l1.jpg,1,2,3,2
976,data/images/245_l2.jpg,1,0,3,3
977,data/images/245_r1.jpg,1,2,3,2
978,data/images/245_r2.jpg,1,0,4,3
979,data/images/246_l1.jpg,0,3,1,2
980,data/images/246_l2.jpg,0,0,1,3
981,data/images/246_r1.jpg,1,2,3,2
982,data/images/246_r2.jpg,1,4,2,3
983,data/images/247_l1.jpg,1,2,3,3
984,data/images/247_l2.jpg,1,0,4,4
985,data/images/247_r1.jpg,0,2,3,3
986,data/images/247_r2.jpg,0,2,2,3
987,data/images/248_l1.jpg,1,0,2,3
988,data/images/248_l2.jpg,1,0,3,3
989,data/images/248_r1.jpg,1,0,3,3
990,data/images/248_r2.jpg,1,0,4,3
991,data/images/249_l1.jpg,1,0,4,1
992,data/images/249_l2.jpg,1,0,4,3
993,data/images/249_r1.jpg,1,3,3,2
994,data/images/249_r2.jpg,1,2,2,3
995,data/images/250_l1.jpg,0,3,3,2
996,data/images/250_l2.jpg,0,3,3,2
997,data/images/250_r1.jpg,0,3,3,3
998,data/images/250_r2.jpg,0,2,3,3
999,data/images/251_l1.jpg,0,0,3,4
1000,data/images/251_l2.jpg,0,0,4,3
1001,data/images/251_r1.jpg,0,0,4,3
1002,data/images/251_r2.jpg,0,0,3,3
1003,data/images/252_l1.jpg,1,0,4,3
1004,data/images/252_l2.jpg,1,0,3,3
1005,data/images/252_r1.jpg,1,0,2,3
1006,data/images/252_r2.jpg,1,0,2,4
1007,data/images/253_l1.jpg,0,4,2,3
1008,data/images/253_l2.jpg,0,0,2,2
1009,data/images/253_r1.jpg,1,0,3,3
1010,data/images/253_r2.jpg,1,0,3,3
1011,data/images/254_l1.jpg,1,0,4,3
1012,data/images/254_l2.jpg,1,0,4,4
1013,data/images/254_r1.jpg,1,2,4,3
1014,data/images/254_r2.jpg,1,0,4,3
1015,data/images/255_l1.jpg,1,0,4,3
1016,data/images/255_l2.jpg,1,0,4,4
1017,data/images/255_r1.jpg,1,2,4,3
1018,data/images/255_r2.jpg,1,0,4,4
1019,data/images/256_l1.jpg,0,2,4,3
1020,data/images/256_l2.jpg,0,0,3,4
1021,data/images/256_r1.jpg,0,2,3,3
1022,data/images/256_r2.jpg,0,1,4,3
1023,data/images/257_l1.jpg,1,2,3,2
1024,data/images/257_l2.jpg,1,0,4,3
1025,data/images/257_r1.jpg,1,2,4,2
1026,data/images/257_r2.jpg,1,0,4,4
1027,data/images/258_l1.jpg,1,0,4,4
1028,data/images/258_l2.jpg,1,0,4,4
1029,data/images/258_r1.jpg,1,4,3,3
1030,data/images/258_r2.jpg,1,0,2,3
1031,data/images/259_l1.jpg,0,4,2,2
1032,data/images/259_l2.jpg,0,0,3,3
1033,data/images/259_r1.jpg,0,3,2,3
1034,data/images/259_r2.jpg,0,3,2,3
1035,data/images/260_l1.jpg,1,2,2,3
1036,data/images/260_l2.jpg,1,0,3,3
1037,data/images/260_r1.jpg,0,0,2,3
1038,data/images/260_r2.jpg,0,2,2,3
1039,data/images/261_l1.jpg,0,2,3,3
1040,data/images/261_l2.jpg,0,4,0,3
1041,data/images/261_r1.jpg,1,0,3,3
1042,data/images/261_r2.jpg,1,0,4,3
1043,data/images/262_l1.jpg,0,4,2,3
1044,data/images/262_l2.jpg,0,4,1,3
1045,data/images/262_r1.jpg,0,5,2,3
1046,data/images/262_r2.jpg,0,4,1,3
1047,data/images/263_l1.jpg,1,0,2,3
1048,data/images/263_l2.jpg,1,4,1,3
1049,data/images/263_r1.jpg,1,4,1,3
1050,data/images/263_r2.jpg,1,2,2,3
1051,data/images/264_l1.jpg,0,4,2,3
1052,data/images/264_l2.jpg,0,3,3,3
1053,data/images/264_r1.jpg,0,3,2,2
1054,data/images/264_r2.jpg,0,0,3,3
1055,data/images/266_l1.jpg,1,0,4,3
1056,data/images/266_l2.jpg,1,0,3,3
1057,data/images/266_r1.jpg,1,0,4,4
1058,data/images/266_r2.jpg,1,0,3,3
1059,data/images/268_l1.jpg,0,2,2,3
1060,data/images/268_l2.jpg,0,0,2,3
1061,data/images/268_r1.jpg,0,0,3,3
1062,data/images/268_r2.jpg,0,2,3,3
1063,data/images/269_l1.jpg,1,0,3,2
1064,data/images/269_l2.jpg,1,0,3,3
1065,data/images/269_r1.jpg,0,4,3,0
1066,data/images/269_r2.jpg,0,0,4,3
1067,data/images/270_l1.jpg,0,3,2,3
1068,data/images/270_l2.jpg,0,4,1,3
1069,data/images/270_r1.jpg,0,2,3,3
1070,data/images/270_r2.jpg,0,3,3,1
1071,data/images/271_l1.jpg,0,0,3,3
1072,data/images/271_l2.jpg,0,0,4,3
1073,data/images/271_r1.jpg,0,0,3,1
1074,data/images/271_r2.jpg,0,3,2,3
1075,data/images/272_l1.jpg,1,0,3,4
1076,data/images/272_l2.jpg,1,0,4,4
1077,data/images/272_r1.jpg,1,0,4,3
1078,data/images/272_r2.jpg,1,0,4,4
1079,data/images/273_l1.jpg,0,3,2,3
1080,data/images/273_l2.jpg,0,0,4,4
1081,data/images/273_r1.jpg,0,4,3,2
1082,data/images/273_r2.jpg,0,3,2,3
1083,data/images/274_l1.jpg,1,2,2,3
1084,data/images/274_l2.jpg,1,0,4,3
1085,data/images/274_r1.jpg,1,2,4,3
1086,data/images/274_r2.jpg,1,0,3,4
1087,data/images/275_l1.jpg,0,2,4,3
1088,data/images/275_l2.jpg,0,2,2,3
1089,data/images/275_r1.jpg,0,0,3,3
1090,data/images/275_r2.jpg,0,3,2,3
1091,data/images/276_l1.jpg,1,3,3,2
1092,data/images/276_l2.jpg,1,4,2,3
1093,data/images/276_r1.jpg,1,2,4,3
1094,data/images/276_r2.jpg,1,0,4,3
1095,data/images/278_l1.jpg,1,1,3,3
1096,data/images/278_l2.jpg,1,0,4,3
1097,data/images/278_r1.jpg,0,2,3,2
1098,data/images/278_r2.jpg,0,2,3,3
1099,data/images/279_l1.jpg,0,0,1,3
1100,data/images/279_l2.jpg,0,3,2,3
1101,data/images/279_r1.jpg,0,2,3,3
1102,data/images/279_r2.jpg,0,0,3,4
1103,data/images/280_l1.jpg,1,0,2,2
1104,data/images/280_l2.jpg,1,0,2,3
1105,data/images/280_r1.jpg,1,0,2,3
1106,data/images/280_r2.jpg,1,5,0,3
1107,data/images/281_l1.jpg,1,0,3,2
1108,data/images/281_l2.jpg,1,0,3,3
1109,data/images/281_r1.jpg,0,2,3,2
1110,data/images/281_r2.jpg,0,0,4,3
1111,data/images/282_l1.jpg,1,0,4,4
1112,data/images/282_l2.jpg,1,0,4,4
1113,data/images/282_r1.jpg,1,2,4,3
1114,data/images/282_r2.jpg,1,0,4,4
1115,data/images/283_l1.jpg,1,0,3,3
1116,data/images/283_l2.jpg,1,0,4,3
1117,data/images/283_r1.jpg,1,0,3,2
1118,data/images/283_r2.jpg,1,0,4,3
1119,data/images/284_l1.jpg,1,0,3,3
1120,data/images/284_l2.jpg,1,0,4,3
1121,data/images/284_r1.jpg,1,2,3,3
1122,data/images/284_r2.jpg,1,0,4,3
1123,data/images/285_l1.jpg,0,2,3,3
1124,data/images/285_l2.jpg,0,3,3,2
1125,data/images/285_r1.jpg,0,0,4,3
1126,data/images/285_r2.jpg,0,4,2,3
1127,data/images/286_l1.jpg,1,2,2,3
1128,data/images/286_l2.jpg,1,0,4,0
1129,data/images/286_r1.jpg,1,0,3,2
1130,data/images/286_r2.jpg,1,0,3,3
1131,data/images/287_l1.jpg,1,1,3,4
1132,data/images/287_l2.jpg,1,0,4,3
1133,data/images/287_r1.jpg,1,0,4,3
1134,data/images/287_r2.jpg,1,0,4,3
1135,data/images/288_l1.jpg,1,2,4,3
1136,data/images/288_l2.jpg,1,0,4,3
1137,data/images/288_r1.jpg,1,2,4,2
1138,data/images/288_r2.jpg,1,0,4,4
1139,data/images/289_l1.jpg,1,2,4,2
1140,data/images/289_l2.jpg,1,0,4,4
1141,data/images/289_r1.jpg,1,2,4,3
1142,data/images/289_r2.jpg,1,0,4,3
1143,data/images/290_l1.jpg,1,4,3,1
1144,data/images/290_l2.jpg,1,0,4,4
1145,data/images/290_r1.jpg,0,3,4,2
1146,data/images/290_r2.jpg,0,4,2,3
1147,data/images/291_l1.jpg,0,1,4,3
1148,data/images/291_l2.jpg,0,4,1,3
1149,data/images/291_r1.jpg,0,1,3,3
1150,data/images/291_r2.jpg,0,4,3,1
1151,data/images/292_l1.jpg,1,0,4,1
1152,data/images/292_l2.jpg,1,0,2,3
1153,data/images/292_r1.jpg,1,2,4,2
1154,data/images/292_r2.jpg,1,0,4,4
1155,data/images/293_l1.jpg,1,0,4,2
1156,data/images/293_l2.jpg,1,0,4,4
1157,data/images/293_r1.jpg,1,0,4,3
1158,data/images/293_r2.jpg,1,0,4,4
1159,data/images/295_l1.jpg,0,3,2,3
1160,data/images/295_l2.jpg,0,0,3,3
1161,data/images/295_r1.jpg,0,2,4,3
1162,data/images/295_r2.jpg,0,0,3,3
1163,data/images/297_l1.jpg,0,3,3,3
1164,data/images/297_l2.jpg,0,0,4,3
1165,data/images/297_r1.jpg,0,3,3,3
1166,data/images/297_r2.jpg,0,0,3,3
1167,data/images/302_l1.jpg,1,2,4,3
1168,data/images/302_l2.jpg,1,0,4,3
1169,data/images/302_r1.jpg,1,1,4,2
1170,data/images/302_r2.jpg,1,0,3,2
1171,data/images/308_l1.jpg,1,0,3,3
1172,data/images/308_l2.jpg,1,0,4,4
1173,data/images/308_r1.jpg,1,0,4,3
1174,data/images/308_r2.jpg,1,0,4,4
1175,data/images/312_l1.jpg,1,0,3,3
1176,data/images/312_l2.jpg,1,0,3,3
1177,data/images/312_r1.jpg,1,2,3,2
1178,data/images/312_r2.jpg,1,1,4,3
1179,data/images/313_l1.jpg,0,1,4,2
1180,data/images/313_l2.jpg,0,0,3,3
1181,data/images/313_r1.jpg,0,3,4,3
1182,data/images/313_r2.jpg,0,0,4,3
1183,data/images/324_l1.jpg,0,4,2,2
1184,data/images/324_l2.jpg,0,0,4,4
1185,data/images/324_r1.jpg,0,3,2,2
1186,data/images/324_r2.jpg,0,0,3,3
1187,data/images/327_l1.jpg,1,0,3,3
1188,data/images/327_l2.jpg,1,0,4,4
1189,data/images/327_r1.jpg,0,0,4,3
1190,data/images/327_r2.jpg,0,0,3,3
1191,data/images/329_l1.jpg,0,2,3,1
1192,data/images/329_l2.jpg,0,2,2,4
1193,data/images/329_r1.jpg,1,2,4,1
1194,data/images/329_r2.jpg,1,0,3,4
1195,data/images/330_l1.jpg,0,0,4,3
1196,data/images/330_l2.jpg,0,0,4,3
1197,data/images/330_r1.jpg,1,0,4,3
1198,data/images/330_r2.jpg,1,0,4,3
